Workbook

Sheet 测试总览
A2: 前后台联合测试执行记录 第八轮
A3: 2026年9月28日；承接第七轮并保留历史通过项。部分验证仍计“暂时测不了”，不等同完成验收。
A5: 检查项总数 | B5: 已通过 | C5: 有问题 | D5: 暂时测不了 | E5: 还没测 | F5: 不适用 | G5: 已执行比例 | H5: 通过比例
A6: =COUNTA(测试清单!$A$6:$A$157) -> 152 | B6: =COUNTIF(测试清单!$F$6:$F$157,"通过") -> 33 | C6: =COUNTIF(测试清单!$F$6:$F$157,"有问题") -> 9 | D6: =COUNTIF(测试清单!$F$6:$F$157,"暂时测不了") -> 107 | E6: =COUNTIF(测试清单!$F$6:$F$157,"还没测") -> 0 | F6: =COUNTIF(测试清单!$F$6:$F$157,"不适用") -> 3 | G6: =IF(A6-F6=0,"不适用",(B6+C6)/(A6-F6)) -> 0.28187919 | H6: =IF(B6+C6=0,"尚未执行",B6/(B6+C6)) -> 0.78571429
A8: 模块检查和整体流程都要验收
A9: 主清单152项：通过33、有问题9、暂时测不了107、不适用3。已补齐只读/第二操作员、MQTT目标和鸟类风险；完成并发、响应丢失、证据预览及协议分类等分支。
A10: 完整联合验收尚未完成。12:10固定后端版本1718项：通过1702、失败13、错误3、跳过0；12:43新版本设备定向43项全通过，分开计数。页面连接中断，双页长稳仅有69.3分钟有效采样；通知/设备回执及处罚接收方仍缺。
A12: 测试模块 | B12: 项数 | C12: 通过 | D12: 有问题 | E12: 暂时测不了 | F12: 还没测 | G12: 不适用 | H12: 已执行比例
A13: 登录和账号权限 | B13: =COUNTIF(测试清单!$B$6:$B$157,A13) -> 12 | C13: =COUNTIFS(测试清单!$B$6:$B$157,A13,测试清单!$F$6:$F$157,"通过") -> 4 | D13: =COUNTIFS(测试清单!$B$6:$B$157,A13,测试清单!$F$6:$F$157,"有问题") -> 1 | E13: =COUNTIFS(测试清单!$B$6:$B$157,A13,测试清单!$F$6:$F$157,"暂时测不了") -> 6 | F13: =COUNTIFS(测试清单!$B$6:$B$157,A13,测试清单!$F$6:$F$157,"还没测") -> 0 | G13: =COUNTIFS(测试清单!$B$6:$B$157,A13,测试清单!$F$6:$F$157,"不适用") -> 1 | H13: =IF(B13-G13=0,"不适用",(C13+D13)/(B13-G13)) -> 0.45454545
A14: 融合感知 | B14: =COUNTIF(测试清单!$B$6:$B$157,A14) -> 10 | C14: =COUNTIFS(测试清单!$B$6:$B$157,A14,测试清单!$F$6:$F$157,"通过") -> 2 | D14: =COUNTIFS(测试清单!$B$6:$B$157,A14,测试清单!$F$6:$F$157,"有问题") -> 1 | E14: =COUNTIFS(测试清单!$B$6:$B$157,A14,测试清单!$F$6:$F$157,"暂时测不了") -> 7 | F14: =COUNTIFS(测试清单!$B$6:$B$157,A14,测试清单!$F$6:$F$157,"还没测") -> 0 | G14: =COUNTIFS(测试清单!$B$6:$B$157,A14,测试清单!$F$6:$F$157,"不适用") -> 0 | H14: =IF(B14-G14=0,"不适用",(C14+D14)/(B14-G14)) -> 0.3
A15: 飞行计划 | B15: =COUNTIF(测试清单!$B$6:$B$157,A15) -> 10 | C15: =COUNTIFS(测试清单!$B$6:$B$157,A15,测试清单!$F$6:$F$157,"通过") -> 4 | D15: =COUNTIFS(测试清单!$B$6:$B$157,A15,测试清单!$F$6:$F$157,"有问题") -> 0 | E15: =COUNTIFS(测试清单!$B$6:$B$157,A15,测试清单!$F$6:$F$157,"暂时测不了") -> 6 | F15: =COUNTIFS(测试清单!$B$6:$B$157,A15,测试清单!$F$6:$F$157,"还没测") -> 0 | G15: =COUNTIFS(测试清单!$B$6:$B$157,A15,测试清单!$F$6:$F$157,"不适用") -> 0 | H15: =IF(B15-G15=0,"不适用",(C15+D15)/(B15-G15)) -> 0.4
A16: 合法性研判 | B16: =COUNTIF(测试清单!$B$6:$B$157,A16) -> 12 | C16: =COUNTIFS(测试清单!$B$6:$B$157,A16,测试清单!$F$6:$F$157,"通过") -> 5 | D16: =COUNTIFS(测试清单!$B$6:$B$157,A16,测试清单!$F$6:$F$157,"有问题") -> 1 | E16: =COUNTIFS(测试清单!$B$6:$B$157,A16,测试清单!$F$6:$F$157,"暂时测不了") -> 6 | F16: =COUNTIFS(测试清单!$B$6:$B$157,A16,测试清单!$F$6:$F$157,"还没测") -> 0 | G16: =COUNTIFS(测试清单!$B$6:$B$157,A16,测试清单!$F$6:$F$157,"不适用") -> 0 | H16: =IF(B16-G16=0,"不适用",(C16+D16)/(B16-G16)) -> 0.5
A17: 空域管理 | B17: =COUNTIF(测试清单!$B$6:$B$157,A17) -> 6 | C17: =COUNTIFS(测试清单!$B$6:$B$157,A17,测试清单!$F$6:$F$157,"通过") -> 1 | D17: =COUNTIFS(测试清单!$B$6:$B$157,A17,测试清单!$F$6:$F$157,"有问题") -> 0 | E17: =COUNTIFS(测试清单!$B$6:$B$157,A17,测试清单!$F$6:$F$157,"暂时测不了") -> 5 | F17: =COUNTIFS(测试清单!$B$6:$B$157,A17,测试清单!$F$6:$F$157,"还没测") -> 0 | G17: =COUNTIFS(测试清单!$B$6:$B$157,A17,测试清单!$F$6:$F$157,"不适用") -> 0 | H17: =IF(B17-G17=0,"不适用",(C17+D17)/(B17-G17)) -> 0.16666667
A18: 风险核验和通知上级 | B18: =COUNTIF(测试清单!$B$6:$B$157,A18) -> 6 | C18: =COUNTIFS(测试清单!$B$6:$B$157,A18,测试清单!$F$6:$F$157,"通过") -> 0 | D18: =COUNTIFS(测试清单!$B$6:$B$157,A18,测试清单!$F$6:$F$157,"有问题") -> 0 | E18: =COUNTIFS(测试清单!$B$6:$B$157,A18,测试清单!$F$6:$F$157,"暂时测不了") -> 6 | F18: =COUNTIFS(测试清单!$B$6:$B$157,A18,测试清单!$F$6:$F$157,"还没测") -> 0 | G18: =COUNTIFS(测试清单!$B$6:$B$157,A18,测试清单!$F$6:$F$157,"不适用") -> 0 | H18: =IF(B18-G18=0,"不适用",(C18+D18)/(B18-G18)) -> 0
A19: 告警事件 | B19: =COUNTIF(测试清单!$B$6:$B$157,A19) -> 9 | C19: =COUNTIFS(测试清单!$B$6:$B$157,A19,测试清单!$F$6:$F$157,"通过") -> 5 | D19: =COUNTIFS(测试清单!$B$6:$B$157,A19,测试清单!$F$6:$F$157,"有问题") -> 0 | E19: =COUNTIFS(测试清单!$B$6:$B$157,A19,测试清单!$F$6:$F$157,"暂时测不了") -> 4 | F19: =COUNTIFS(测试清单!$B$6:$B$157,A19,测试清单!$F$6:$F$157,"还没测") -> 0 | G19: =COUNTIFS(测试清单!$B$6:$B$157,A19,测试清单!$F$6:$F$157,"不适用") -> 0 | H19: =IF(B19-G19=0,"不适用",(C19+D19)/(B19-G19)) -> 0.55555556
A20: 飞手短信和电话 | B20: =COUNTIF(测试清单!$B$6:$B$157,A20) -> 14 | C20: =COUNTIFS(测试清单!$B$6:$B$157,A20,测试清单!$F$6:$F$157,"通过") -> 1 | D20: =COUNTIFS(测试清单!$B$6:$B$157,A20,测试清单!$F$6:$F$157,"有问题") -> 0 | E20: =COUNTIFS(测试清单!$B$6:$B$157,A20,测试清单!$F$6:$F$157,"暂时测不了") -> 13 | F20: =COUNTIFS(测试清单!$B$6:$B$157,A20,测试清单!$F$6:$F$157,"还没测") -> 0 | G20: =COUNTIFS(测试清单!$B$6:$B$157,A20,测试清单!$F$6:$F$157,"不适用") -> 0 | H20: =IF(B20-G20=0,"不适用",(C20+D20)/(B20-G20)) -> 0.071428571
A21: 反制申请 审批 执行和急停 | B21: =COUNTIF(测试清单!$B$6:$B$157,A21) -> 18 | C21: =COUNTIFS(测试清单!$B$6:$B$157,A21,测试清单!$F$6:$F$157,"通过") -> 1 | D21: =COUNTIFS(测试清单!$B$6:$B$157,A21,测试清单!$F$6:$F$157,"有问题") -> 0 | E21: =COUNTIFS(测试清单!$B$6:$B$157,A21,测试清单!$F$6:$F$157,"暂时测不了") -> 17 | F21: =COUNTIFS(测试清单!$B$6:$B$157,A21,测试清单!$F$6:$F$157,"还没测") -> 0 | G21: =COUNTIFS(测试清单!$B$6:$B$157,A21,测试清单!$F$6:$F$157,"不适用") -> 0 | H21: =IF(B21-G21=0,"不适用",(C21+D21)/(B21-G21)) -> 0.055555556
A22: 移送与处罚 | B22: =COUNTIF(测试清单!$B$6:$B$157,A22) -> 9 | C22: =COUNTIFS(测试清单!$B$6:$B$157,A22,测试清单!$F$6:$F$157,"通过") -> 0 | D22: =COUNTIFS(测试清单!$B$6:$B$157,A22,测试清单!$F$6:$F$157,"有问题") -> 0 | E22: =COUNTIFS(测试清单!$B$6:$B$157,A22,测试清单!$F$6:$F$157,"暂时测不了") -> 9 | F22: =COUNTIFS(测试清单!$B$6:$B$157,A22,测试清单!$F$6:$F$157,"还没测") -> 0 | G22: =COUNTIFS(测试清单!$B$6:$B$157,A22,测试清单!$F$6:$F$157,"不适用") -> 0 | H22: =IF(B22-G22=0,"不适用",(C22+D22)/(B22-G22)) -> 0
A23: 证据和视频 | B23: =COUNTIF(测试清单!$B$6:$B$157,A23) -> 8 | C23: =COUNTIFS(测试清单!$B$6:$B$157,A23,测试清单!$F$6:$F$157,"通过") -> 5 | D23: =COUNTIFS(测试清单!$B$6:$B$157,A23,测试清单!$F$6:$F$157,"有问题") -> 2 | E23: =COUNTIFS(测试清单!$B$6:$B$157,A23,测试清单!$F$6:$F$157,"暂时测不了") -> 1 | F23: =COUNTIFS(测试清单!$B$6:$B$157,A23,测试清单!$F$6:$F$157,"还没测") -> 0 | G23: =COUNTIFS(测试清单!$B$6:$B$157,A23,测试清单!$F$6:$F$157,"不适用") -> 0 | H23: =IF(B23-G23=0,"不适用",(C23+D23)/(B23-G23)) -> 0.875
A24: 运行统计 | B24: =COUNTIF(测试清单!$B$6:$B$157,A24) -> 7 | C24: =COUNTIFS(测试清单!$B$6:$B$157,A24,测试清单!$F$6:$F$157,"通过") -> 1 | D24: =COUNTIFS(测试清单!$B$6:$B$157,A24,测试清单!$F$6:$F$157,"有问题") -> 1 | E24: =COUNTIFS(测试清单!$B$6:$B$157,A24,测试清单!$F$6:$F$157,"暂时测不了") -> 4 | F24: =COUNTIFS(测试清单!$B$6:$B$157,A24,测试清单!$F$6:$F$157,"还没测") -> 0 | G24: =COUNTIFS(测试清单!$B$6:$B$157,A24,测试清单!$F$6:$F$157,"不适用") -> 1 | H24: =IF(B24-G24=0,"不适用",(C24+D24)/(B24-G24)) -> 0.33333333
... A28: 规则设置改变后前台会怎样 | B28: =COUNTIF(测试清单!$B$6:$B$157,A28) -> 6 | C28: =COUNTIFS(测试清单!$B$6:$B$157,A28,测试清单!$F$6:$F$157,"通过") -> 0 | D28: =COUNTIFS(测试清单!$B$6:$B$157,A28,测试清单!$F$6:$F$157,"有问题") -> 0 | E28: =COUNTIFS(测试清单!$B$6:$B$157,A28,测试清单!$F$6:$F$157,"暂时测不了") -> 6 | F28: =COUNTIFS(测试清单!$B$6:$B$157,A28,测试清单!$F$6:$F$157,"还没测") -> 0 | G28: =COUNTIFS(测试清单!$B$6:$B$157,A28,测试清单!$F$6:$F$157,"不适用") -> 0 | H28: =IF(B28-G28=0,"不适用",(C28+D28)/(B28-G28)) -> 0
A30: 正式测试前先确认
A31: 短信计时：当前业务约定10秒，代码3秒。按10秒保留验收基准；新口径须留确认记录。
A32: 自动与手动均测试，但自动反制的人为授权依据尚需核对。8种组合均在引擎开启时按类别设置。
A33: 哪些功能已开：自动研判、短信、电话、移送及测试数据录入办法，都要先核对。
A34: “暂时测不了”不算通过。“不适用”要由负责人确认并在实际现象栏写理由。
A35: 已执行比例＝通过和有问题的项数÷适用项数。通过比例＝通过项数÷已执行项数。
A36: 发现越权、错误反制、重复下发、急停假成功、串事件或历史被改写时，必须先处理。
A37: 设备主链分别检查反制与干扰续链；人工处罚交接不以反制完成为前置；鸟群风险另跑独立流程。
A39: 未填结果 | B39: =COUNTBLANK(测试清单!$F$6:$F$157) -> 0 | C39: 无效结果 | D39: =COUNTA(测试清单!$F$6:$F$157)-SUM(B6:F6) -> 0 | E39: 两项应为0；请使用清单中的下拉选项。
A42: 整体流程验收进度
A44: 完整流程数 | B44: 已跑通 | C44: 有问题 | D44: 暂时测不了 | E44: 还没跑 | F44: 进行中 | G44: 未填步骤 | H44: 流程结论
A45: =COUNTA(全流程验收!A6:A41) -> 36 | B45: =COUNTIF(全流程验收!G6:G41,"通过") -> 0 | C45: =COUNTIF(全流程验收!G6:G41,"有问题") -> 1 | D45: =COUNTIF(全流程验收!G6:G41,"暂时测不了") -> 35 | E45: =COUNTIF(全流程验收!G6:G41,"还没测") -> 0 | F45: =COUNTIF(全流程验收!G6:G41,"进行中") -> 0 | G45: =COUNTBLANK(流程步骤记录!G6:G365) -> 0 | H45: =IF(B45=A45,"流程记录齐全","尚未全部跑通") -> 尚未全部跑通
A47: 整体验收包括152项前台模块、48项补充、64项设备运维、36条完整流程及关键口径确认；缺任何必测环节不能算全部完成。
A48: 异常分支以正确阻断和无误动作通过；人工交接与自动交接分开判断。硬件或算法未具备要记录暂时测不了。
A49: 流程标记通过还需每步证据齐全。F14/F15另关联独立子场景；其他组合记录须人工核对各子批次。
A50: 第五轮已实际执行页面、模拟工参和独立自动测试；第四轮历史保留。未修改产品代码，未发送真实短信、电话或反制指令。
A52: 补充测试与整体验收条件
A54: 补充项数 | B54: 记录齐全 | C54: 有问题 | D54: 暂时测不了 | E54: 还没测 | F54: 待补证据 | G54: 流程待补证据 | H54: 模块记录齐全
A55: =COUNTA(补充测试清单!A6:A53) -> 48 | B55: =COUNTIF(补充测试清单!M6:M53,"记录齐全") -> 2 | C55: =COUNTIF(补充测试清单!M6:M53,"有问题") -> 1 | D55: =COUNTIF(补充测试清单!M6:M53,"暂时测不了") -> 45 | E55: =COUNTIF(补充测试清单!M6:M53,"还没测") -> 0 | F55: =COUNTIF(补充测试清单!M6:M53,"待补证据") -> 0 | G55: =COUNTIF(全流程验收!G6:G41,"待补证据") -> 0 | H55: =COUNTIFS(测试清单!F6:F157,"通过",测试清单!G6:G157,"<>",测试清单!H6:H157,"<>",测试清单!I6:I157,"<>",测试清单!J6:J157,"<>")+COUNTIFS(测试清单!F6:F157,"不适用",测试清单!G6:G157,"<>") -> 36
A57: 模块“通过”需实际结果、测试人、日期、证据齐全；“不适用”必须写明原因并纳入范围确认。待补证据仍不算完整完成。
A59: 开测和验收条件 | B59: 当前确认情况 | C59: 确认记录或版本编号
A60: 自动执行授权依据 | B60: 未确认
A61: 短信观察时长 | B61: 未确认
A62: 范围及运行版本 | B62: 已记录当前工作区（非纯提交版本） | C62: 源码HEAD：后台2314376c5922；前台4c225c6cc1e5。两仓库均含既有未提交修改，本轮未修改产品代码。
A63: 未关闭关键问题数 | C63: 请负责人员核对后填写，空白不是0
A65: =IF(AND(H55=A6,B45=A45,B55=A55,B72=A72,COUNTIF(B60:B62,"已确认")=3,COUNTBLANK(C60:C62)=0,ISNUMBER(B63),B63=0),"资料可提交前后台联合验收，仍需复核证据内容","尚不具备联合验收条件，请补齐前台、运维、流程或确认记录") -> 尚不具备联合验收条件，请补齐前台、运维、流程或确认记录
A66: 本轮已执行可用条件下的接口/数据库回归和页面分支，修复研判渲染错误及测试隔离/换行兼容。尚无全部全流程通过证明；不因接口测试通过、样本齐备或等待时间已过而判整链通过。证据目录：C:\Users\Admin（无密码）\.codex\visualizations\2026\09\27\01a0e2a5-9f8d-7261-b23f-0e2b7ef4319e\qa-plan
A69: 后台设备运维执行进度
A71: 运维检查项 | B71: 记录齐全 | C71: 有问题 | D71: 暂时测不了 | E71: 还没测 | F71: 待补证据 | G71: 新增流程数 | H71: 已跑通新增流程
A72: =COUNTA(设备运维清单!A6:A69) -> 64 | B72: =COUNTIF(设备运维清单!M6:M69,"记录齐全") -> 19 | C72: =COUNTIF(设备运维清单!M6:M69,"有问题") -> 2 | D72: =COUNTIF(设备运维清单!M6:M69,"暂时测不了") -> 43 | E72: =COUNTIF(设备运维清单!M6:M69,"还没测") -> 0 | F72: =COUNTIF(设备运维清单!M6:M69,"待补证据") -> 0 | G72: =COUNTA(全流程验收!A36:A41) -> 6 | H72: =COUNTIF(全流程验收!G36:G41,"通过") -> 0
A74: 设备运维重点：接入配置、真实状态、协议调测、报修处理、恢复核验、消息已读、历史保留与权限。不能把调测通过或已反馈当修好。
A75: 新增F31至F36用同一设备和任务串联后台、前台、模拟器。原F26保留，其详细维护闭环由F33补充。
A76: 本轮续测后设备27、计划11；新增独立TCP测试设备已停用，全部模拟批次停止；旧QA维护任务保留处理中。新增隔离PostgreSQL测试库仅供自动夹具，未向原业务库手工插入记录。

Sheet 测试清单
A2: 前台测试清单
D3: 逐行照着做，填写右侧结果和实际现象。可以按模块、优先顺序或结果筛选。
D4: 一行包含多种情况时，全部测完才选“通过”。部分分支已测但仍缺前提的保留阻塞；未完整执行项不计通过。
A5: 编号 | B5: 测试模块 | C5: 优先顺序 | D5: 怎么测 | E5: 怎样才算正常 | F5: 测试结果 | G5: 实际看到什么 | H5: 测试人 | I5: 测试日期 | J5: 截图或证据位置 | K5: 问题编号
A6: 1 | B6: 登录和账号权限 | C6: 必须先测 | D6: 从提供的前台地址登录，再刷新页面 | E6: 进入有权限的页面，登录身份正确，刷新后不白屏 | F6: 通过 | G6: 第五轮：恢复原后端后，前台沿用已登录的超级管理员会话；刷新后身份正确，融合感知、业务导航正常，无白屏。此前有效登录记录保留。 | H6: Codex | I6: 46292 | J6: 第五、六轮证据：front-session-recovered.txt；front-session-recovered.png；reachability.json
A7: 2 | B7: 登录和账号权限 | C7: 重要检查 | D7: 不填账号密码、输错密码、使用停用账号 | E7: 分别给出清楚提示，不让无效账号进入 | F7: 通过 | G7: 第八轮：页面实测空账号提示请输入登录账号、错误口令提示账号或密码错误；正确登录恢复原证据深链。API补测停用专用只读账号时拒绝登录和旧会话，恢复后可登录。 | H7: Codex | I7: 46293 | J7: r8-auth-errors-ui.txt；r8-api-evidence.jsonl | K7: BLOCK-004
A8: 3 | B8: 登录和账号权限 | C8: 必须先测 | D8: 用要求首次改密的账号登录，改密前直接打开业务页面 | E8: 先完成改密；改密后旧密码不能继续使用 | F8: 暂时测不了 | G8: 第八轮：未完成本行全部步骤。浏览器12:04起返回User unavailable；恢复确认后重连仍失败，剩余页面交互无法执行。 接口或隔离测试的局部覆盖不提升为本行整项通过。 | H8: Codex | I8: 46293 | J8: 第八轮报告；r8-current-preconditions.json；r8-browser-recovery.json | K8: BLOCK-004
A9: 4 | B9: 登录和账号权限 | C9: 必须先测 | D9: 退出登录后，按浏览器后退，再刷新旧详情页 | E9: 不能继续读取或操作受保护资料 | F9: 通过 | G9: 第六轮独立标签退出登录后，浏览器后退及刷新均停留登录页，原业务数据不再可见；随后使用现有账号重新登录。 | H9: Codex | I9: 46292 | J9: 第五、六轮证据：r6-logout-history.json；r6-logout-protected.png
A10: 5 | B10: 登录和账号权限 | C10: 必须先测 | D10: 用不同权限账号打开每个业务页面和大屏 | E10: 能进哪些页面，与管理员给的权限一致；知道地址也不能绕过 | F10: 暂时测不了 | G10: 第八轮：未完成本行全部步骤。浏览器12:04起返回User unavailable；恢复确认后重连仍失败，剩余页面交互无法执行。 接口或隔离测试的局部覆盖不提升为本行整项通过。 | H10: Codex | I10: 46293 | J10: 第八轮报告；r8-current-preconditions.json；r8-browser-recovery.json | K10: BLOCK-004
A11: 6 | B11: 登录和账号权限 | C11: 必须先测 | D11: 用只能看甲单位的账号，尝试查看乙单位的列表、详情、文件和视频 | E11: 不能看到、下载或处理乙单位资料；请开发协助检查直接访问也不能绕过 | F11: 不适用 | G11: 第八轮：本用例要求的单位范围账号与当前产品基线不一致：范围配置已撤回，新用户默认ALL。已具备只读及第二操作员账号，但不伪造ASSIGNED范围或以全范围账号冒充范围隔离。 | H11: Codex | I11: 46293 | J11: qa-unblock-account-verification.json；r8-current-preconditions.json | K11: BLOCK-004
A12: 7 | B12: 登录和账号权限 | C12: 必须先测 | D12: 保持页面不关，让管理员撤销权限或停用账号，再尝试操作 | E12: 旧页面不能继续靠原来的权限办事 | F12: 暂时测不了 | G12: 第八轮部分验证，整项未完成：API实测空登录400、错误口令401、停用账号登录拒绝、旧会话不能读取；恢复账号后重新登录读取成功。既有只读账号的用户/角色管理403。页面分支另测。 | H12: Codex | I12: 46293 | J12: r8-api-evidence.jsonl | K12: BLOCK-004
A13: 8 | B13: 登录和账号权限 | C13: 重要检查 | D13: 打开原来的设备、监测、调测、用户、角色、审计页面地址 | E13: 只显示已迁移提示，不重新出现后台管理功能，不自动跳到另一系统 | F13: 通过 | G13: 第五轮逐一打开 devices、monitor、commission、users、roles、archive 六个旧地址；均显示对应迁移提示，地址保留原系统，没有自动跳转或重新出现管理表单。 | H13: Codex | I13: 46292 | J13: 第五、六轮证据：migrated-routes.json
A14: 9 | B14: 登录和账号权限 | C14: 重要检查 | D14: 打开旧风险页、旧首页、旧工作台地址和旧反制授权链接 | E14: 进入当前承接业务的位置；反制授权仍定位同一条记录 | F14: 暂时测不了 | G14: 第八轮：未完成本行全部步骤。浏览器12:04起返回User unavailable；恢复确认后重连仍失败，剩余页面交互无法执行。 接口或隔离测试的局部覆盖不提升为本行整项通过。 | H14: Codex | I14: 46293 | J14: 第八轮报告；r8-current-preconditions.json；r8-browser-recovery.json
A15: 10 | B15: 登录和账号权限 | C15: 必须先测 | D15: 修改登录后的跳转地址，填外部网站、无权限页面或错误地址 | E15: 不被带到陌生网站；无权限仍拦截；错误地址不造成来回跳转 | F15: 暂时测不了 | G15: 第八轮：未完成本行全部步骤。浏览器12:04起返回User unavailable；恢复确认后重连仍失败，剩余页面交互无法执行。 接口或隔离测试的局部覆盖不提升为本行整项通过。 | H15: Codex | I15: 46293 | J15: 第八轮报告；r8-current-preconditions.json；r8-browser-recovery.json | K15: BLOCK-004
A16: 11 | B16: 登录和账号权限 | C16: 重要检查 | D16: 开两个标签页，退出甲账号后登录乙账号，再回旧标签页 | E16: 不混入甲账号的数据；旧页面的失败回复不把乙账号的新登录错误清掉 | F16: 暂时测不了 | G16: 第八轮：未完成本行全部步骤。浏览器12:04起返回User unavailable；恢复确认后重连仍失败，剩余页面交互无法执行。 接口或隔离测试的局部覆盖不提升为本行整项通过。 | H16: Codex | I16: 46293 | J16: 第八轮报告；r8-current-preconditions.json；r8-browser-recovery.json | K16: BLOCK-004
A17: 12 | B17: 登录和账号权限 | C17: 重要检查 | D17: 打开详情后刷新、前进、后退，再试一条不存在的记录 | E17: 能找回正确上下文；不存在时明确提示，不能随便换成另一条 | F17: 有问题 | G17: 原直接刷新及无效ID分支通过，但新增筛选路径复现串上下文：选8e31945d计划→筛选已取消为空→全部状态，详情变29f39fa7，URL仍8e31945d；刷新同一URL又回8e31945d。 | H17: Codex | I17: 46292 | J17: 第五、六轮证据：r6-plan-filter-context-before.json；r6-plan-filter-context-after.json | K17: BUG-006
A18: 13 | B18: 融合感知 | C18: 必须先测 | D18: 用模拟器发送一架无人机的位置，在前台找它 | E18: 列表、地图、详情是同一架；位置、来源和最后上报时间正确 | F18: 通过 | G18: 第八轮：本轮独立MQTT批次sim-0928104253-a184实际发布，经融合、研判生成目标003及关联告警；前台可定位，来源replay、目标编号和事件对应。20分钟批次另完成1670条报文，未以PUBACK代替平台回读。 | H18: Codex | I18: 46293 | J18: r8-scene.json；r8-chain-initial.json；r8-soak-scenario-final.json | K18: BLOCK-005
A19: 14 | B19: 融合感知 | C19: 必须先测 | D19: 让多台设备观察同一目标，再增加一个相邻但不同的目标 | E19: 同一目标按规则合并，不把旁边另一架错误合并；请开发核对识别关联 | F19: 通过 | G19: 第八轮：批次sim-0928104253-a184由雷达和TDOA同时上报首目标，后端目标003的来源链路包含两设备，前台展开多源融合显示雷达/TDOA；相邻两个独立无人机分别产生004/005，未与003合并。 | H19: Codex | I19: 46293 | J19: r8-chain-initial.json; r8-multi-source-ui.txt | K19: BLOCK-005
A20: 15 | B20: 融合感知 | C20: 重要检查 | D20: 查看今天出现过、但已超过5分钟没有更新的目标 | E20: 今天的记录仍保留；但不能说它还在持续实时跟踪；目标多页时数量不漏算 | F20: 暂时测不了 | G20: 第八轮部分验证，整项未完成：今日目标计数保留已停止上报的记录；010/003详情分别显示21/42分钟前最后上报，未冒称最新上报。当前14个今日目标，尚不足目标分页上限，未以小数据量证明跨页不漏数。 | H20: Codex | I20: 46293 | J20: r8-stale-target-ui.txt; r8-multi-source-ui.txt
A21: 16 | B21: 融合感知 | C21: 重要检查 | D21: 请开发准备跨夜数据，检查北京时间零点前后 | E21: “今日目标”按新的一天重新计算，不混入前一天数量 | F21: 暂时测不了 | G21: 第八轮：未完成本行全部步骤。尚无获准时钟控制的浏览器跨夜样本；不能改系统时间影响其他任务。后端边界回归不代替此页面零点验收。 | H21: Codex | I21: 46293 | J21: 第八轮报告；r8-current-preconditions.json；r8-browser-recovery.json
A22: 17 | B22: 融合感知 | C22: 重要检查 | D22: 分别查看正常、离线、有故障、数据失效的设备，再恢复设备 | E22: 地图上的当前异常有提示，恢复后停止；设备类别仍看得清 | F22: 暂时测不了 | G22: 第八轮：未完成本行全部步骤。缺独立健康GOOD的恢复样本或所需TCP/光电协议测试回执；MQTT在线和UNKNOWN不能冒充健康恢复。 浏览器12:04起返回User unavailable；恢复确认后重连仍失败，剩余页面交互无法执行。 | H22: Codex | I22: 46293 | J22: 第八轮报告；r8-current-preconditions.json；r8-browser-recovery.json | K22: BLOCK-006
A23: 18 | B23: 融合感知 | C23: 重要检查 | D23: 在列表选择目标、设备和告警，并打开两侧详情 | E23: 地图选中位置突出、不被挡住，也不能为了显示好看把坐标挪走 | F23: 暂时测不了 | G23: 第八轮：未完成本行全部步骤。浏览器12:04起返回User unavailable；恢复确认后重连仍失败，剩余页面交互无法执行。 接口或隔离测试的局部覆盖不提升为本行整项通过。 | H23: Codex | I23: 46293 | J23: 第八轮报告；r8-current-preconditions.json；r8-browser-recovery.json
A24: 19 | B24: 融合感知 | C24: 必须先测 | D24: 查看有转弯、停留、中断、不同段落的轨迹 | E24: 如实显示，不能把中断前后强行连起来，不能补出不存在的飞行路线 | F24: 暂时测不了 | G24: 第八轮：未完成本行全部步骤。浏览器12:04起返回User unavailable；恢复确认后重连仍失败，剩余页面交互无法执行。 接口或隔离测试的局部覆盖不提升为本行整项通过。 | H24: Codex | I24: 46293 | J24: 第八轮报告；r8-current-preconditions.json；r8-browser-recovery.json | K24: BLOCK-005
A25: 20 | B25: 融合感知 | C25: 重要检查 | D25: 查看按计划飞、偏离计划、尚未飞过和缺少判断依据的路段 | E25: 按计划已飞段绿、偏离段红、未飞计划段灰；缺依据说明未知，不能乱染色 | F25: 暂时测不了 | G25: 第八轮：未完成本行全部步骤。浏览器12:04起返回User unavailable；恢复确认后重连仍失败，剩余页面交互无法执行。 接口或隔离测试的局部覆盖不提升为本行整项通过。 | H25: Codex | I25: 46293 | J25: 第八轮报告；r8-current-preconditions.json；r8-browser-recovery.json | K25: BLOCK-005
A26: 21 | B26: 融合感知 | C26: 重要检查 | D26: 打开视频后换目标、收起视频、离开页面 | E26: 旧画面及时停止；无视频、无权限、模拟画面分别说清楚 | F26: 暂时测不了 | G26: 第八轮：未完成本行全部步骤。缺可用光电任务及真实/获准测试视频流，无法验证任务到播放与串流切换。浏览器12:04起返回User unavailable；恢复确认后重连仍失败，剩余页面交互无法执行。 | H26: Codex | I26: 46293 | J26: 第八轮报告；r8-current-preconditions.json；r8-browser-recovery.json
A27: 22 | B27: 融合感知 | C27: 重要检查 | D27: 请开发模拟地图加载失败、数据读取失败，再恢复 | E27: 失败不能显示成“没有目标”，也不能用假数据填充；恢复后地图不重叠 | F27: 有问题 | G27: 目标接口失败已重复注入：页面短暂错误后仍显示“今日目标0”和“融合感知数据已更新，当前无未查看异常”。解除阻断后实际恢复4目标。底图配置阻断未造成可确认的底图失败，不计该分支通过。 | H27: Codex | I27: 46292 | J27: 第五、六轮证据：targets-failure.txt；targets-failure-recheck.txt；targets-network-failures.json；targets-recovered.txt；targets-failure.png | K27: BUG-003
A28: 23 | B28: 飞行计划 | C28: 必须先测 | D28: 打开一份已录入的计划，核对单位、飞手、无人机编号、起降点、时间和航线 | E28: 与录入资料一致；缺的资料写未提供，不能自己补造 | F28: 通过 | G28: 以模拟器实际提交的独立QA计划逐字段核对：SN、时间、航线ID/版本一致；未提交的单位、飞手、起降点显示未提供，未自行补造。原始请求与接收记录均保存。 | H28: Codex | I28: 46292 | J28: 第五、六轮证据：plan-input-r5.json；input-context-r5.json；plan-preflight-before-start.txt；plan-input-front.png
A29: 24 | B29: 飞行计划 | C29: 重要检查 | D29: 按不同条件查计划，组合筛选、翻页、清空条件 | E29: 条件一起起作用，列表和总数一致；改条件后不会卡在空白的旧页码 | F29: 通过 | G29: 新增3份合法外部输入后共11条，10条/页能翻第2页；改待执行回第1页5条，已取消0条且详情清空，清空筛选恢复11条。当前页面仅提供状态条件；筛选后的URL上下文问题另记BUG-006。 | H29: Codex | I29: 46292 | J29: 第五、六轮证据：r6-pagination-plan-inputs.json；r6-plans-page2.txt；r6-plans-filter-reset.txt；r6-plans-empty-filter.txt；r6-plans-all-restored.txt
A30: 25 | B30: 飞行计划 | C30: 重要检查 | D30: 选择不同计划查看航线，再关掉详情 | E30: 每份计划对应自己的航线；选择和筛选不混乱；轨迹颜色保持一致 | F30: 暂时测不了 | G30: 第八轮：未完成本行全部步骤。浏览器12:04起返回User unavailable；恢复确认后重连仍失败，剩余页面交互无法执行。 接口或隔离测试的局部覆盖不提升为本行整项通过。 | H30: Codex | I30: 46293 | J30: 第八轮报告；r8-current-preconditions.json；r8-browser-recovery.json
A31: 26 | B31: 飞行计划 | C31: 必须先测 | D31: 计划到时间却没发现无人机，分别检查设备正常、异常、资料不足 | E31: 分清“设备异常”“可能没起飞”“目前不能确认”，不能一律认定未起飞 | F31: 暂时测不了 | G31: 第八轮部分验证，整项未完成：页面重新检查成功，附近离线设备与状态未知设备明确区分，无附近设备时提示暂不能判断起飞，未把无记录当安全；覆盖不足/正常等分支由隔离数据库用例补充。 | H31: Codex | I31: 46293 | J31: r8-plan-device-check.txt | K31: BLOCK-006
A32: 27 | B32: 飞行计划 | C32: 重要检查 | D32: 在起飞时间之前查看设备检查 | E32: 可以查看检查情况，不能提前当成“到时未起飞”去通知 | F32: 通过 | G32: 20:18查看20:22:51起飞的QA计划并重新检查，显示“起飞前·周边设备检查”“计划还没执行”；无可检查设备时不提前作未起飞通知。 | H32: Codex | I32: 46292 | J32: 第五、六轮证据：plan-preflight-before-start.txt；plan-input-front.png
A33: 28 | B33: 飞行计划 | C33: 必须先测 | D33: 对真实测试异常发出设备异常通知，再快速重复点击 | E33: 后台能找到对应处理事项；不能多建同一事项；通知完不等于设备已修好 | F33: 暂时测不了 | G33: 第八轮：未完成本行全部步骤。缺独立健康GOOD的恢复样本或所需TCP/光电协议测试回执；MQTT在线和UNKNOWN不能冒充健康恢复。 浏览器12:04起返回User unavailable；恢复确认后重连仍失败，剩余页面交互无法执行。 | H33: Codex | I33: 46293 | J33: 第八轮报告；r8-current-preconditions.json；r8-browser-recovery.json | K33: BLOCK-005
A34: 29 | B34: 飞行计划 | C34: 重要检查 | D34: 查看完全覆盖、部分覆盖、不覆盖计划飞行时间的天气预报，以及缺计划时间的情况 | E34: 只展示与计划时间重合的部分；没覆盖和缺时间分别说明 | F34: 暂时测不了 | G34: 第八轮部分验证，整项未完成：已补齐正式模拟接口数据：完整覆盖显示60分钟、部分覆盖仅显示15分钟重合段，无覆盖明确提示未覆盖；输入契约要求起止时间，现有合法入口无法建立缺时间计划，该分支仅代码检查，未标全通过。 | H34: Codex | I34: 46293 | J34: r8-weather-scenarios.json; r8-weather-partial-ui.txt; r8-weather-next-ui.txt; r8-weather-none-ui.txt
A35: 30 | B35: 飞行计划 | C35: 重要检查 | D35: 打开有覆盖但时段已经结束的预报，再切页回来 | E35: 按现有要求正常保留发布时间和时段，不恢复已取消的“预报过期”提示和到期刷新 | F35: 通过 | G35: 第八轮：通过正式本地接口输入已结束的09:33至10:33模拟预报；天气页仍显示原发布时间08:33和完整时段，没有恢复已撤销的过期提示。 | H35: Codex | I35: 46293 | J35: r8-weather-scenarios.json; r8-weather-expired-ui.txt
A36: 31 | B36: 飞行计划 | C36: 必须先测 | D36: 查看“本计划当前风险”，加入持续风险、已解除风险、已通知但未解除风险和待确认情况 | E36: 当前数量与当前列表一致；已通知仍可能是当前风险；待确认单独说明；历史保留 | F36: 暂时测不了 | G36: 第八轮部分验证，整项未完成：实际SPACE_OBJECT鸟类风险核实并提交通知后仍可在本计划风险接口读取；停止上报后current_status=UNKNOWN、uncertain_total=1，未当解除。尚缺气象风险有效期解除及持续风险的页面组合，浏览器断连。 | H36: Codex | I36: 46293 | J36: r8-risk-final.json；r8-risk-handoff.json | K36: BLOCK-005
A37: 32 | B37: 飞行计划 | C37: 重要检查 | D37: 快速切换同名的不同计划，再进入研判或证据 | E37: 不串天气、风险或证据；完成、取消计划按当前规则展示，不拿上一份内容顶上 | F37: 暂时测不了 | G37: 第八轮：未完成本行全部步骤。浏览器12:04起返回User unavailable；恢复确认后重连仍失败，剩余页面交互无法执行。 接口或隔离测试的局部覆盖不提升为本行整项通过。 | H37: Codex | I37: 46293 | J37: 第八轮报告；r8-current-preconditions.json；r8-browser-recovery.json | K37: BLOCK-005 / BUG-002
A38: 33 | B38: 合法性研判 | C38: 必须先测 | D38: 首次打开页面，对照各类待处理记录 | E38: 默认显示“待处理”；确实需要处理的记录不漏，列表、翻页和统计一致 | F38: 暂时测不了 | G38: 第八轮：未完成本行全部步骤。浏览器12:04起返回User unavailable；恢复确认后重连仍失败，剩余页面交互无法执行。 接口或隔离测试的局部覆盖不提升为本行整项通过。 | H38: Codex | I38: 46293 | J38: 第八轮报告；r8-current-preconditions.json；r8-browser-recovery.json | K38: BLOCK-005
A39: 34 | B39: 合法性研判 | C39: 必须先测 | D39: 准备无人机、鸟、气球、风筝和未知目标，再尝试列表和直接链接 | E39: 这个页面只承接明确识别为无人机的研判；没有计划的无人机仍可保留 | F39: 暂时测不了 | G39: 第八轮部分验证，整项未完成：已实测UAV、BIRD、识别中255、UNKNOWN0与REMOTE_CONTROLLER100。非UAV均未进入UAV研判；鸟类另走风险链。气球/风筝需可追溯算法分类样本，当前模拟器非UAV统一发40，不能用改标签冒充。页面直接深链分支因浏览器断连未完成。 | H39: Codex | I39: 46293 | J39: r8-protocol-types-result.json；r8-bird-evaluation.json；r8-risk-final.json | K39: BLOCK-005
A40: 35 | B40: 合法性研判 | C40: 重要检查 | D40: 切换“核实位置”，再叠加其他筛选 | E40: 按当前研判是否关联告警筛选；不能把没权限查看告警误认成没有告警 | F40: 暂时测不了 | G40: 第八轮部分验证，整项未完成：接口实测有告警3/无告警8合计11；待复核10、已确认1、已驳回0、已改判0，列表范围正确。页面已查核实位置；多条件组合和全部状态点击未完整完成，浏览器断连。 | H40: Codex | I40: 46293 | J40: r8-legality-filter-api.json；r8-review-location-legality.txt | K40: BLOCK-005
A41: 36 | B41: 合法性研判 | C41: 必须先测 | D41: 分别打开依据充分、可以明确判为合法和非法的记录 | E41: 两种明确结论都不强行要求再人工确认；不能只看风险分数来判断可靠程度 | F41: 暂时测不了 | G41: 第八轮：未完成本行全部步骤。浏览器12:04起返回User unavailable；恢复确认后重连仍失败，剩余页面交互无法执行。 接口或隔离测试的局部覆盖不提升为本行整项通过。 | H41: Codex | I41: 46293 | J41: 第八轮报告；r8-current-preconditions.json；r8-browser-recovery.json | K41: BLOCK-005
A42: 37 | B42: 合法性研判 | C42: 必须先测 | D42: 打开依据不足、且没有对应告警的记录，进行人工复核 | E42: 在合法性页办理；复核后更新结果并保留以前的依据和处理历史 | F42: 通过 | G42: 第八轮：无关联告警的合成研判在页面确认不可判定，保留置信度不足、断点和原始依据，生成1条含真实操作人的历史；第二位有复核权限的测试操作员提交旧版本收到409，未覆盖首条结果。 | H42: Codex | I42: 46293 | J42: r8-review-concurrency-result.json；r8-review-confirmed-ui.txt | K42: BLOCK-005
A43: 38 | B43: 合法性研判 | C43: 必须先测 | D43: 打开依据不足、但已有对应告警的记录 | E43: 去对应告警页核实；回来能看到同一结果，不要求两页各核实一次 | F43: 有问题 | G43: 第八轮：模拟目标008停止上报后核实事件为 CONFIRMED，只有1条核实历史；同一静态研判仍为 PENDING_REVIEW，页面显示待复核/尚无复核历史。页面正确保留前往告警入口且没有重复核实表单，但未展示共享核实结果。 | H43: Codex | I43: 46293 | J43: r8-shared-review.json；r8-shared-review-ui.txt | K43: BUG-009
A44: 39 | B44: 合法性研判 | C44: 必须先测 | D44: 打开没有保存可靠程度的旧记录，或判断失败的记录 | E44: 明确写未知或不可用，不能默认当成可靠或合法 | F44: 通过 | G44: 第八轮：旧记录004/005缺少置信度时显示信息待核对、不可判定及置信度未知；001人工确认后仍保留原不可判定事实，没有默认改为合法或依据充分。 | H44: Codex | I44: 46293 | J44: r8-review-confirmed-ui.txt; r8-filter-confirmed.txt | K44: BLOCK-005
A45: 40 | B45: 合法性研判 | C45: 重要检查 | D45: 筛选“待复核”“已确认”“已驳回”“已改判” | E45: 按实际处理情况分类，不把所有“从未人工操作”的记录都塞进待复核 | F45: 暂时测不了 | G45: 第八轮部分验证，整项未完成：接口实测有告警3/无告警8合计11；待复核10、已确认1、已驳回0、已改判0，列表范围正确。页面已查核实位置；多条件组合和全部状态点击未完整完成，浏览器断连。 | H45: Codex | I45: 46293 | J45: r8-legality-filter-api.json；r8-review-location-legality.txt | K45: BLOCK-005
A46: 41 | B46: 合法性研判 | C46: 必须先测 | D46: 两个人同时打开同一条待复核记录，先后提交不同结果 | E46: 后提交的人收到冲突或更新提示，不能无声覆盖先提交结果 | F46: 通过 | G46: 第八轮：无关联告警的合成研判在页面确认不可判定，保留置信度不足、断点和原始依据，生成1条含真实操作人的历史；第二位有复核权限的测试操作员提交旧版本收到409，未覆盖首条结果。 | H46: Codex | I46: 46293 | J46: r8-review-concurrency-result.json；r8-review-confirmed-ui.txt | K46: BLOCK-004
A47: 42 | B47: 合法性研判 | C47: 重要检查 | D47: 带着筛选条件打开指定目标或计划的研判链接，再快速换记录 | E47: 能定位指定记录，必要时解除妨碍定位的筛选；详情和视频不串对象 | F47: 通过 | G47: 第八轮：计划详情跳转到合法性页后选中对应计划并切至全部无人机，0条时显示真实空态；此前目标003深链准确定位且告警跳转保留对应事件。 | H47: Codex | I47: 46293 | J47: r8-legality-fixed.txt；r8-plan-legality-context.txt | K47: BLOCK-005
... A49: 44 | B49: 合法性研判 | C49: 必须先测 | D49: 请开发模拟目标后来被判为非无人机，或关联告警读取失败 | E49: 不继续按无人机展示；读取失败不能被当成无告警并放开重复核实 | F49: 暂时测不了 | G49: 第八轮：未完成本行全部步骤。浏览器12:04起返回User unavailable；恢复确认后重连仍失败，剩余页面交互无法执行。 接口或隔离测试的局部覆盖不提升为本行整项通过。 | H49: Codex | I49: 46293 | J49: 第八轮报告；r8-current-preconditions.json；r8-browser-recovery.json | K49: BLOCK-005
A50: 45 | B50: 空域管理 | C50: 重要检查 | D50: 查询、选择、关闭不同空域详情 | E50: 列表、地图范围和详情对应；没选中时不留空白详情栏；选择空域不偷偷改变筛选 | F50: 通过 | G50: 新增独立模拟允许区后共2条：逐一选择允许区和原禁飞区，详情ID、范围及来源对应；关闭后不留详情；编号筛选2→1，选择不改筛选，清空恢复2。 | H50: Codex | I50: 46292 | J50: 第五、六轮证据：airspace-input-context-r5.json；airspace-new-detail.txt；airspace-switch-detail.txt；airspace-filter-selected.txt；airspace-cleared.txt；airspace-new-detail.png
A51: 46 | B51: 空域管理 | C51: 必须先测 | D51: 准备范围内、边界上、范围外的目标，并用限制区域账号查看 | E51: 按已确定的空间规则处理；不能只凭地图上看起来靠近就算在范围内，也不能越权 | F51: 暂时测不了 | G51: 第八轮：未完成本行全部步骤。本行范围受限账号条件已从当前产品撤回，默认ALL；其余同名/边界组合尚未完整验证。浏览器12:04起返回User unavailable；恢复确认后重连仍失败，剩余页面交互无法执行。 | H51: Codex | I51: 46293 | J51: 第八轮报告；r8-current-preconditions.json；r8-browser-recovery.json | K51: BLOCK-005
A52: 47 | B52: 空域管理 | C52: 重要检查 | D52: 查看当前风险和已经解除的历史风险 | E52: 当前异常有提示，历史不继续闪；通知送达不自动解除异常 | F52: 暂时测不了 | G52: 第八轮：未完成本行全部步骤。浏览器12:04起返回User unavailable；恢复确认后重连仍失败，剩余页面交互无法执行。 接口或隔离测试的局部覆盖不提升为本行整项通过。 | H52: Codex | I52: 46293 | J52: 第八轮报告；r8-current-preconditions.json；r8-browser-recovery.json | K52: BLOCK-005
A53: 48 | B53: 空域管理 | C53: 重要检查 | D53: 有位置、有权限且测试设备空闲时，发起光电跟踪 | E53: 跟踪的是所选目标；命令收到、跟踪成功、有视频分别显示 | F53: 暂时测不了 | G53: 第八轮：未完成本行全部步骤。缺可用光电任务及真实/获准测试视频流，无法验证任务到播放与串流切换。浏览器12:04起返回User unavailable；恢复确认后重连仍失败，剩余页面交互无法执行。 | H53: Codex | I53: 46293 | J53: 第八轮报告；r8-current-preconditions.json；r8-browser-recovery.json | K53: BLOCK-005
A54: 49 | B54: 空域管理 | C54: 必须先测 | D54: 没有位置、没有权限、设备忙，或只有气象风险时尝试跟踪 | E54: 明确说明不能操作的原因；不能虚构一个目标去跟踪 | F54: 暂时测不了 | G54: 第八轮：未完成本行全部步骤。缺可用光电任务及真实/获准测试视频流，无法验证任务到播放与串流切换。浏览器12:04起返回User unavailable；恢复确认后重连仍失败，剩余页面交互无法执行。 | H54: Codex | I54: 46293 | J54: 第八轮报告；r8-current-preconditions.json；r8-browser-recovery.json | K54: BLOCK-005
A55: 50 | B55: 空域管理 | C55: 重要检查 | D55: 查看空域资料和风险详情 | E55: 不恢复“关联规则”区块，不把后台规则编辑功能放回前台 | F55: 暂时测不了 | G55: 第八轮：未完成本行全部步骤。浏览器12:04起返回User unavailable；恢复确认后重连仍失败，剩余页面交互无法执行。 接口或隔离测试的局部覆盖不提升为本行整项通过。 | H55: Codex | I55: 46293 | J55: 第八轮报告；r8-current-preconditions.json；r8-browser-recovery.json
A56: 51 | B56: 风险核验和通知上级 | C56: 必须先测 | D56: 对待核验风险分别选择属实和排除 | E56: 处理结果及历史正确；已排除的事项不继续要求重复核验或通知 | F56: 暂时测不了 | G56: 第八轮部分验证，整项未完成：正式API对本批鸟类空间风险分别核实属实与排除，状态及各1条历史正确；旧版本409，只读403，空说明400。浏览器当前断连，页面按钮及回显待恢复后补验。 | H56: Codex | I56: 46293 | J56: r8-bird-evaluation.json；r8-risk-verification.json
A57: 52 | B57: 风险核验和通知上级 | C57: 必须先测 | D57: 对核验属实的风险执行“通知上级” | E57: 通知正确的上级，不新增按区域、风险类型选职责单位的步骤 | F57: 暂时测不了 | G57: 第八轮部分验证，整项未完成：正式API创建风险通知201；独立显示PENDING_DELIVERY、NOT_EXPECTED及通知配置未启用，重复提交409、只读创建403。风险NOTIFIED符合2026-09-10提交即已通知约定，不代表送达。未接通上级通知渠道，已送达、超时与签收分支未完成。 | H57: Codex | I57: 46293 | J57: r8-risk-handoff.json；r8-risk-final.json；docs/风险通知状态口径.md
A58: 53 | B58: 风险核验和通知上级 | C58: 重要检查 | D58: 在飞行计划“全部风险事件”的“通知与回执”页签查看 | E58: 这里只看通知及回复，不再出现核验、改判操作；核验在风险详情办理 | F58: 暂时测不了 | G58: 第八轮：未完成本行全部步骤。已有本轮风险交接，但通知配置未启用，无上级有效签收及解除依据。浏览器12:04起返回User unavailable；恢复确认后重连仍失败，剩余页面交互无法执行。 | H58: Codex | I58: 46293 | J58: 第八轮报告；r8-current-preconditions.json；r8-browser-recovery.json | K58: BLOCK-005
A59: 54 | B59: 风险核验和通知上级 | C59: 必须先测 | D59: 分别制造发送失败、等待结果、已送达、超时的情况 | E59: 分别显示真实状态；点完发送不能立刻当作已通知成功；结果未知时先核对 | F59: 暂时测不了 | G59: 第八轮部分验证，整项未完成：正式API创建风险通知201；独立显示PENDING_DELIVERY、NOT_EXPECTED及通知配置未启用，重复提交409、只读创建403。风险NOTIFIED符合2026-09-10提交即已通知约定，不代表送达。未接通上级通知渠道，已送达、超时与签收分支未完成。 | H59: Codex | I59: 46293 | J59: r8-risk-handoff.json；r8-risk-final.json；docs/风险通知状态口径.md
A60: 55 | B60: 风险核验和通知上级 | C60: 必须先测 | D60: 上级签收后让风险继续存在，再提供有效解除依据 | E60: 签收不解除风险；有实际解除依据后才更新当前风险，旧通知保留 | F60: 暂时测不了 | G60: 第八轮：未完成本行全部步骤。已有本轮风险交接，但通知配置未启用，无上级有效签收及解除依据。浏览器12:04起返回User unavailable；恢复确认后重连仍失败，剩余页面交互无法执行。 | H60: Codex | I60: 46293 | J60: 第八轮报告；r8-current-preconditions.json；r8-browser-recovery.json
A61: 56 | B61: 风险核验和通知上级 | C61: 重要检查 | D61: 查看过了有效时间的气象风险，以及缺少新依据的其他风险 | E61: 按实际依据处理；无法确认的说明待确认，不能一律当作已经解除 | F61: 暂时测不了 | G61: 第八轮部分验证，整项未完成：实际SPACE_OBJECT鸟类风险核实并提交通知后仍可在本计划风险接口读取；停止上报后current_status=UNKNOWN、uncertain_total=1，未当解除。尚缺气象风险有效期解除及持续风险的页面组合，浏览器断连。 | H61: Codex | I61: 46293 | J61: r8-risk-final.json；r8-risk-handoff.json
A62: 57 | B62: 告警事件 | C62: 必须先测 | D62: 找到本次模拟产生的新告警，打开详情 | E62: 无人机、事件、研判对应；需要人工核实的显示待核实；查看本身不办业务 | F62: 通过 | G62: 第七轮：MQTT批次sim-0928100649-cd5f通过融合和合法性引擎生成目标002及告警0928-001。前台详情目标、来源replay和研判非法对应，事件为待核实；查看未改变状态。材料区域显示2条轨迹，无录像/图片/指令时显示暂无。 | H62: Codex | I62: 46293 | J62: 第七轮证据：qa-unblock-full-chain.json；qa-unblock-postrestart.json；qa-unblock-evidence.png；qa-unblock-event-export.csv；qa-unblock-account-verification.json；qa-unblock-package.log。证据目录：C:\Users\Admin（无密码）\.codex\visualizations\2026\09\27\01a0e2a5-9f8d-7261-b23f-0e2b7ef4319e\qa-plan
A63: 58 | B63: 告警事件 | C63: 必须先测 | D63: 有权限的值班人员把告警核实为属实，再刷新 | E63: 显示“告警已确认”，记录谁处理的；后续通知按飞手和渠道条件办理 | F63: 通过 | G63: 第八轮：页面核实属实后API为CONFIRMED/version1，历史唯一且操作人正确；第二操作员旧版本409；无核验飞手时页面为待反制且无短信/电话记录。 | H63: Codex | I63: 46293 | J63: r8-verification-after.json；r8-api-evidence.jsonl；r8-confirmed-ui.txt | K63: BLOCK-005
A64: 59 | B64: 告警事件 | C64: 必须先测 | D64: 将另一条待核实告警判为误报 | E64: 留下处理原因和历史；不会继续发短信、打电话或发起反制 | F64: 通过 | G64: 第八轮：另一条本批模拟告警在页面判为误报，API终态FALSE_POSITIVE，保留说明和操作历史，通知记录0。 | H64: Codex | I64: 46293 | J64: r8-false-positive.json | K64: BLOCK-005
A65: 60 | B65: 告警事件 | C65: 重要检查 | D65: 组合筛选、翻页，在“告警与处置”和“反制办理”间切换 | E65: 列表和数量正确；顶部统计卡大小保持一致 | F65: 暂时测不了 | G65: 第八轮部分验证，整项未完成：实际页面使用可见筛选控件选择误报，只显示本轮误报告警；反制办理待我处理及全部记录均为空。当前待办未超过一页，分页及复杂组合未完成。 | H65: Codex | I65: 46293 | J65: r8-alarm-filter.txt；r8-filter-confirmed.txt | K65: BLOCK-005
A66: 61 | B66: 告警事件 | C66: 必须先测 | D66: 查看现有告警和旧的人工现场记录 | E66: 不再有“现场情况”“人工补充现场情况”写入口；旧记录可看但不能替代当前依据 | F66: 暂时测不了 | G66: 第八轮：未完成本行全部步骤。浏览器12:04起返回User unavailable；恢复确认后重连仍失败，剩余页面交互无法执行。 接口或隔离测试的局部覆盖不提升为本行整项通过。 | H66: Codex | I66: 46293 | J66: 第八轮报告；r8-current-preconditions.json；r8-browser-recovery.json | K66: BLOCK-005
A67: 62 | B67: 告警事件 | C67: 重要检查 | D67: 快速切换两条名称相似的告警 | E67: 不把前一条的通知、视频、授权、急停状态显示到后一条 | F67: 通过 | G67: 第八轮：第八轮实际快速切换告警004（已确认待反制）002（待核实）；地图目标004、视频告警002、待核实按钮和通知未启用提示一致；另切换误报003正确去掉核实操作。无可用实际视频/授权执行回执，相关硬件分支另列。 | H67: Codex | I67: 46293 | J67: r8-alarm-switch.txt | K67: BLOCK-005
A68: 63 | B68: 告警事件 | C68: 必须先测 | D68: 两个人同时核实，或一人快速重复点击提交 | E68: 不重复处理，不无声覆盖别人的结果；需要时提示重新读取 | F68: 通过 | G68: 第八轮：页面核实属实后API为CONFIRMED/version1，历史唯一且操作人正确；第二操作员旧版本409；无核验飞手时页面为待反制且无短信/电话记录。 | H68: Codex | I68: 46293 | J68: r8-verification-after.json；r8-api-evidence.jsonl；r8-confirmed-ui.txt | K68: BLOCK-005
A69: 64 | B69: 告警事件 | C69: 必须先测 | D69: 无核实权限或缺关键依据时尝试处理 | E69: 有清楚的阻止原因；能进页面不等于能做所有操作 | F69: 暂时测不了 | G69: 第八轮：未完成本行全部步骤。浏览器12:04起返回User unavailable；恢复确认后重连仍失败，剩余页面交互无法执行。 接口或隔离测试的局部覆盖不提升为本行整项通过。 | H69: Codex | I69: 46293 | J69: 第八轮报告；r8-current-preconditions.json；r8-browser-recovery.json | K69: BLOCK-005
A70: 65 | B70: 告警事件 | C70: 重要检查 | D70: 打开告警及反制详情的视频，收起后再展开 | E70: 默认展开，支持收起；没接入、没权限、读取失败分别说明；看视频不触发反制 | F70: 暂时测不了 | G70: 第八轮：未完成本行全部步骤。缺可用光电任务及真实/获准测试视频流，无法验证任务到播放与串流切换。浏览器12:04起返回User unavailable；恢复确认后重连仍失败，剩余页面交互无法执行。 | H70: Codex | I70: 46293 | J70: 第八轮报告；r8-current-preconditions.json；r8-browser-recovery.json | K70: BLOCK-005
A71: 66 | B71: 飞手短信和电话 | C71: 必须先测 | D71: 已核验飞手、短信电话都可用，让无人机持续留在告警区域，再核实属实 | E71: 先短信，观察，再电话，再观察；仍没离开才到待反制。不能少等、乱跳步骤 | F71: 暂时测不了 | G71: 第八轮：未完成本行全部步骤。缺核验飞手及可用短信/电话回执链，未建立满足本分支的独立事件；不伪造送达、播放完成或飞离。 | H71: Codex | I71: 46293 | J71: 第八轮报告；r8-current-preconditions.json；r8-browser-recovery.json | K71: BLOCK-005
A72: 67 | B72: 飞手短信和电话 | C72: 必须先测 | D72: 没有已核验执行飞手时核实属实 | E72: 直接到待反制，不给未核验的人发短信打电话 | F72: 通过 | G72: 第八轮：页面核实属实后API为CONFIRMED/version1，历史唯一且操作人正确；第二操作员旧版本409；无核验飞手时页面为待反制且无短信/电话记录。 | H72: Codex | I72: 46293 | J72: r8-verification-after.json；r8-api-evidence.jsonl；r8-confirmed-ui.txt | K72: BLOCK-005
A73: 68 | B73: 飞手短信和电话 | C73: 必须先测 | D73: 短信渠道不可用时核实属实 | E73: 按既定流程到待反制，不假装短信已送达 | F73: 暂时测不了 | G73: 第八轮：未完成本行全部步骤。缺核验飞手及可用短信/电话回执链，未建立满足本分支的独立事件；不伪造送达、播放完成或飞离。 | H73: Codex | I73: 46293 | J73: 第八轮报告；r8-current-preconditions.json；r8-browser-recovery.json | K73: BLOCK-005
A74: 69 | B74: 飞手短信和电话 | C74: 必须先测 | D74: 短信可用、电话不可用，无人机还在区域内 | E74: 先发短信并完成观察，再到待反制；不能直接跳过观察 | F74: 暂时测不了 | G74: 第八轮：未完成本行全部步骤。缺核验飞手及可用短信/电话回执链，未建立满足本分支的独立事件；不伪造送达、播放完成或飞离。 | H74: Codex | I74: 46293 | J74: 第八轮报告；r8-current-preconditions.json；r8-browser-recovery.json | K74: BLOCK-005
... A113: 108 | B113: 证据和视频 | C113: 必须先测 | D113: 同一事件有多个同名文件，从业务页点击查看证据详情 | E113: 精确打开刚才那个文件，不能换成第一个或最新的文件 | F113: 通过 | G113: 第八轮：告警0928-001材料弹窗第2份为同名A，第3份为同名B；从第3份点击查看证据详情准确定位b3a241aa文件，刷新仍显示第二份B，未被同名第一份替代。 | H113: Codex | I113: 46293 | J113: r8-same-name-event-dialog.txt; r8-same-name-event-refresh.txt | K113: BUG-002
A114: 109 | B114: 证据和视频 | C114: 必须先测 | D114: 同一目标有多条轨迹，从业务页跳到轨迹证据 | E114: 打开正确的那一条，不能把轨迹编号当成文件编号找错内容 | F114: 通过 | G114: 第七轮：从告警详情打开2份轨迹，第一份为84179afa融合轨迹；点击下一份变为074c95d4原始轨迹。通过“查看证据详情”跳转后URL仍为074c95d4并带原事件上下文，页面显示166个真实上报观测点；刷新仍正确，未把轨迹编号当文件编号。 | H114: Codex | I114: 46293 | J114: 第七轮证据：qa-unblock-full-chain.json；qa-unblock-postrestart.json；qa-unblock-evidence.png；qa-unblock-event-export.csv；qa-unblock-account-verification.json；qa-unblock-package.log。证据目录：C:\Users\Admin（无密码）\.codex\visualizations\2026\09\27\01a0e2a5-9f8d-7261-b23f-0e2b7ef4319e\qa-plan
A115: 110 | B115: 证据和视频 | C115: 重要检查 | D115: 打开已丢失、损坏或不支持预览的文件 | E115: 明确提示，不能用样例文件冒充；有文件名不代表文件一定还在 | F115: 通过 | G115: 第八轮：页面实测受控损坏副本提示内容与入库不一致且禁下载；受控缺失副本提示原件缺失且禁下载；BIN提示格式不支持并仅按权限下载原件。两份副本均设50秒自动恢复，再检查AVAILABLE和原哈希。 | H115: Codex | I115: 46293 | J115: r8-corrupt-file-ui.txt; r8-missing-file-ui.txt; r8-unsupported-file-ui.txt; r8-temporary-file-fault-restored.json; r8-temporary-missing-restored.json | K115: BUG-002
A116: 111 | B116: 证据和视频 | C116: 必须先测 | D116: 用无权限账号，或退出后再打开原文件链接 | E116: 不能因为知道地址就下载或预览 | F116: 通过 | G116: 第八轮：只读用户可读元信息，但二进制预览返回403；不带会话打开原文件内容返回401，管理员相同文件200且哈希一致。 | H116: Codex | I116: 46293 | J116: r8-file-access.jsonl | K116: BLOCK-004
A117: 112 | B117: 证据和视频 | C117: 重要检查 | D117: 检查一份完整文件和一份受控损坏的测试副本 | E117: 如实给出完整性结果；“文件完整”不代表“内容一定真实” | F117: 通过 | G117: 第八轮：真实文件哈希校验通过；仅对本轮合成副本追加字节或临时移走，分别识别 CORRUPT/MISSING；均在 finally 中还原并校验 AVAILABLE、matches=true。 | H117: Codex | I117: 46293 | J117: r8-integrity-copies.json | K117: BUG-002
A118: 113 | B118: 证据和视频 | C118: 必须先测 | D118: 视频加载时快速切换目标，或离开告警、研判、反制页面 | E118: 旧画面停止，不把上一目标画面放到下一目标上 | F118: 暂时测不了 | G118: 第八轮：未完成本行全部步骤。缺可用光电任务及真实/获准测试视频流，无法验证任务到播放与串流切换。浏览器12:04起返回User unavailable；恢复确认后重连仍失败，剩余页面交互无法执行。 | H118: Codex | I118: 46293 | J118: 第八轮报告；r8-current-preconditions.json；r8-browser-recovery.json | K118: BUG-002
A119: 114 | B119: 证据和视频 | C119: 重要检查 | D119: 查看长文件名、大图片、冻结记录，连续开关预览 | E119: 内容不被裁掉，页面不越来越卡，历史资料不被改变 | F119: 有问题 | G119: 第八轮：本轮新增长文件名图片可按精确 ID 打开，1813826 预览正常；但名称单元格 nowrap 撑至1746px，在左栏被裁切且需横向滚动。冻结/解除已回读验证内容哈希不变。 | H119: Codex | I119: 46293 | J119: r8-long-file.json；r8-long-file-ui.jpg；r8-file-access.jsonl | K119: BUG-011
A120: 115 | B120: 运行统计 | C120: 必须先测 | D120: 用本次能对得上的目标、立案和处罚结果核对数字 | E120: 新目标按首次发现计数，不因重复上报重复算；立案按立案时间，处罚只算有效结果 | F120: 暂时测不了 | G120: 第八轮部分验证，整项未完成：统计接口今日14目标与1670条报文后的去重结果对应；月度41、昨日7，CSV同范围一致。不存在本轮正式立案/处罚正向记录，不能验证全业务数字；以上为12:03附近快照，后续新增目标另存证。 | H120: Codex | I120: 46293 | J120: r8-stats-api.json；r8-stats-today.csv；r8-soak-scenario-final.json
A121: 116 | B121: 运行统计 | C121: 重要检查 | D121: 改时间、单位等条件，再快速切换 | E121: 数字和图表一起按同样条件变化，不被旧查询结果覆盖 | F121: 有问题 | G121: 第八轮：运行统计页面只有固定日期范围文字，没有计划要求的时间或单位筛选控件；接口支持from/to但不能代替页面操作，无法进行页面快速换条件验收。 | H121: Codex | I121: 46293 | J121: r8-stats-api.json；dongying-vue/src/pages/StatsPage.vue | K121: BUG-012
A122: 117 | B122: 运行统计 | C122: 必须先测 | D122: 分别查看真实为零、缺少数据、读取失败的情况 | E122: 零就是零；不知道或读取失败要说清楚，不能全部补成零 | F122: 通过 | G122: 真实0和海拔缺失提示已核对；再阻断stats/operations请求，页面明确网络失败、统计区间—、导出禁用，没有补零。解除阻断点击重试后恢复统计。 | H122: Codex | I122: 46292 | J122: 第五、六轮证据：stats-ui.txt；stats-failure.txt；stats-failure.png；stats-recovered.txt
A123: 118 | B123: 运行统计 | C123: 重要检查 | D123: 带筛选条件导出统计文件 | E123: 文件内容与页面同一范围，中文和时间正确，不能只导出一页却说是全部 | F123: 暂时测不了 | G123: 第八轮部分验证，整项未完成：正式CSV接口按今日、昨日、月度范围分别导出，UTF-8中文、统计数字与同范围API一致。浏览器点击导出时连接超时，实际下载完成未证实；页面也无时间/单位筛选入口。 | H123: Codex | I123: 46293 | J123: r8-stats-api.json；r8-stats-today.csv；r8-stats-yesterday.csv；r8-stats-month.csv
A124: 119 | B124: 运行统计 | C124: 重要检查 | D124: 检查跨天和开始、结束时间附近的记录 | E124: 按已确定的时间边界统计，不多算、不漏算 | F124: 暂时测不了 | G124: 第八轮：未完成本行全部步骤。浏览器12:04起返回User unavailable；恢复确认后重连仍失败，剩余页面交互无法执行。 接口或隔离测试的局部覆盖不提升为本行整项通过。 | H124: Codex | I124: 46293 | J124: 第八轮报告；r8-current-preconditions.json；r8-browser-recovery.json
A125: 120 | B125: 运行统计 | C125: 必须先测 | D125: 用只能看本单位的账号查询和导出 | E125: 图表和文件也不能包含其他单位资料 | F125: 不适用 | G125: 第八轮：本用例要求的单位范围账号与当前产品基线不一致：范围配置已撤回，新用户默认ALL。已具备只读及第二操作员账号，但不伪造ASSIGNED范围或以全范围账号冒充范围隔离。 | H125: Codex | I125: 46293 | J125: qa-unblock-account-verification.json；r8-current-preconditions.json | K125: BLOCK-004
A126: 121 | B126: 运行统计 | C126: 重要检查 | D126: 查看很长的分类名称、空图表和全零图表 | E126: 看得全、分得清，不靠省略文字掩盖重要内容 | F126: 暂时测不了 | G126: 第八轮：未完成本行全部步骤。浏览器12:04起返回User unavailable；恢复确认后重连仍失败，剩余页面交互无法执行。 接口或隔离测试的局部覆盖不提升为本行整项通过。 | H126: Codex | I126: 46293 | J126: 第八轮报告；r8-current-preconditions.json；r8-browser-recovery.json
A127: 122 | B127: 页面显示和大屏 | C127: 重要检查 | D127: 用较小窗口和长名称检查各页、表格、弹窗 | E127: 无文字重叠、关键内容裁切或省略号截断；整页不被迫左右拖动 | F127: 有问题 | G127: CSS视口1000×750，空域页刷新与重新定位按钮right分别1013.16/1015.16，超出1000宽且容器overflow:hidden；恢复1982宽后完整。其他6业务页已截图；合法性研判页脚可通过滚动到达。 | H127: Codex | I127: 46292 | J127: 第五、六轮证据：r6-small-airspace-layout.json；r6-small-airspace-confirmed.png；r6-airspace-wide-layout.json；r6-small-legality-scroll.json；r6-small-legality-scrolled.png | K127: BUG-005
A128: 123 | B128: 页面显示和大屏 | C128: 重要检查 | D128: 对照检查全部业务页和大屏的背景、卡片、文字、状态颜色 | E128: 当前深蓝主题一致，正文易读，同一状态颜色含义一致 | F128: 不适用 | G128: 第八轮：本行旧预期要求普通业务页和大屏均深宝蓝；2026-09-27最新项目约定改为普通页低饱和蓝灰、大屏独立宝蓝。按旧统一配色无法验收；新主题已页面观察，不擅自恢复旧色。 | H128: Codex | I128: 46293 | J128: E:/rwurenji/_rong/AGENTS.md 界面文字完整展示及配色约定
A129: 124 | B129: 页面显示和大屏 | C129: 重要检查 | D129: 查看地图异常图标，再恢复正常；开启系统减少动态效果设置 | E129: 红光只出现在地图当前异常图标；恢复后停止；减少动态效果时保留静态提示 | F129: 暂时测不了 | G129: 第八轮：未完成本行全部步骤。浏览器12:04起返回User unavailable；恢复确认后重连仍失败，剩余页面交互无法执行。 接口或隔离测试的局部覆盖不提升为本行整项通过。 | H129: Codex | I129: 46293 | J129: 第八轮报告；r8-current-preconditions.json；r8-browser-recovery.json
A130: 125 | B130: 页面显示和大屏 | C130: 重要检查 | D130: 分别滚动列表和详情，切页签、开关详情 | E130: 地图仍可用，重要按钮和关闭入口不被遮住 | F130: 暂时测不了 | G130: 第八轮：未完成本行全部步骤。浏览器12:04起返回User unavailable；恢复确认后重连仍失败，剩余页面交互无法执行。 接口或隔离测试的局部覆盖不提升为本行整项通过。 | H130: Codex | I130: 46293 | J130: 第八轮报告；r8-current-preconditions.json；r8-browser-recovery.json
A131: 126 | B131: 页面显示和大屏 | C131: 重要检查 | D131: 测空列表、加载中、填写错误、无权限、读取失败 | E131: 每种提示清楚；保存中不会让人反复提交；失败不能弹成功 | F131: 暂时测不了 | G131: 第八轮：未完成本行全部步骤。浏览器12:04起返回User unavailable；恢复确认后重连仍失败，剩余页面交互无法执行。 接口或隔离测试的局部覆盖不提升为本行整项通过。 | H131: Codex | I131: 46293 | J131: 第八轮报告；r8-current-preconditions.json；r8-browser-recovery.json
A132: 127 | B132: 页面显示和大屏 | C132: 重要检查 | D132: 有权和无权账号分别开大屏，进入全屏后再退出 | E132: 权限正确，退出正常，数字与业务事实一致 | F132: 暂时测不了 | G132: 第八轮：未完成本行全部步骤。浏览器12:04起返回User unavailable；恢复确认后重连仍失败，剩余页面交互无法执行。 接口或隔离测试的局部覆盖不提升为本行整项通过。 | H132: Codex | I132: 46293 | J132: 第八轮报告；r8-current-preconditions.json；r8-browser-recovery.json | K132: BLOCK-004
A133: 128 | B133: 页面显示和大屏 | C133: 重要检查 | D133: 只用键盘操作，并把浏览器放大到200% | E133: 主要功能仍能找到和操作，焦点看得见，状态有文字说明 | F133: 暂时测不了 | G133: 第八轮：未完成本行全部步骤。浏览器12:04起返回User unavailable；恢复确认后重连仍失败，剩余页面交互无法执行。 接口或隔离测试的局部覆盖不提升为本行整项通过。 | H133: Codex | I133: 46293 | J133: 第八轮报告；r8-current-preconditions.json；r8-browser-recovery.json
A134: 129 | B134: 页面显示和大屏 | C134: 一般检查 | D134: 普通页面和大屏分别连续开至少2小时，期间切换和恢复网络 | E134: 不白屏，不越来越卡，不一直显示早已失效的数据却称实时 | F134: 有问题 | G134: 第八轮10:48:19重新开始普通页和大屏长稳，最后成功采样69.3分钟；此后浏览器连接中断，无法证明两小时连续状态。断网后普通页仍显示更新成功已复现，故本项仍不通过。后台及源代码期间有并行变更。 | H134: Codex | I134: 46293 | J134: r8-soak-samples.json；r8-soak-target-read-failed.txt；r8-browser-recovery.json | K134: BUG-003 / BLOCK-008
A135: 130 | B135: 页面显示和大屏 | C135: 重要检查 | D135: 在本机Chrome和Edge各走一遍关键操作 | E135: 登录、表单、地图、视频都能正常用，记录浏览器版本；其他约定浏览器另测 | F135: 暂时测不了 | G135: 第八轮：Edge已执行多项关键操作；本机浏览器工具没有可连接Chrome，且12:04起Edge连接也返回User unavailable，双浏览器验收尚未完成。 | H135: Codex | I135: 46293 | J135: r8-browser-recovery.json
A136: 131 | B136: 信号模拟器和前台一起测 | C136: 必须先测 | D136: 启动一批独立测试信号，依次找发送记录、平台目标、前台展示 | E136: 一步步对得上；模拟器显示“发送成功”还不等于平台已产生目标、研判或告警 | F136: 通过 | G136: 第八轮：本轮独立MQTT批次sim-0928104253-a184实际发布，经融合、研判生成目标003及关联告警；前台可定位，来源replay、目标编号和事件对应。20分钟批次另完成1670条报文，未以PUBACK代替平台回读。 | H136: Codex | I136: 46293 | J136: r8-scene.json；r8-chain-initial.json；r8-soak-scenario-final.json | K136: BLOCK-005
A137: 132 | B137: 信号模拟器和前台一起测 | C137: 必须先测 | D137: 分别模拟正常飞行、偏航、无计划、进入限飞区、鸟群、设备故障 | E137: 各类结果由实际判断产生；鸟群不进入无人机合法性页；设备故障不冒充无人机违规 | F137: 暂时测不了 | G137: 第八轮：未完成本行全部步骤。浏览器12:04起返回User unavailable；恢复确认后重连仍失败，剩余页面交互无法执行。 接口或隔离测试的局部覆盖不提升为本行整项通过。 | H137: Codex | I137: 46293 | J137: 第八轮报告；r8-current-preconditions.json；r8-browser-recovery.json | K137: BLOCK-005
A138: 133 | B138: 信号模拟器和前台一起测 | C138: 重要检查 | D138: 在模拟器和前台同时看同一设备、无人机、航线和区域 | E138: 实际位置一致，不能用示意坐标代替；高度含义不明时不擅自换算 | F138: 暂时测不了 | G138: 第八轮：未完成本行全部步骤。缺独立健康GOOD的恢复样本或所需TCP/光电协议测试回执；MQTT在线和UNKNOWN不能冒充健康恢复。 浏览器12:04起返回User unavailable；恢复确认后重连仍失败，剩余页面交互无法执行。 | H138: Codex | I138: 46293 | J138: 第八轮报告；r8-current-preconditions.json；r8-browser-recovery.json | K138: BLOCK-005
A139: 134 | B139: 信号模拟器和前台一起测 | C139: 必须先测 | D139: 分别选择短信后撤离、电话后撤离、继续飞行、短信后停止上报 | E139: 只响应本次目标的通知；撤离过程中继续发送真实模拟位置；停报不算飞离 | F139: 暂时测不了 | G139: 第八轮：未完成本行全部步骤。缺核验飞手及可用短信/电话回执链，未建立满足本分支的独立事件；不伪造送达、播放完成或飞离。 实际处罚接收方列表为空，正式提交返回RECIPIENT_NOT_CONFIGURED；无法验证投递、签收及处罚决定闭环。 浏览器12:04起返回User unavailable；恢复确认后重连仍失败，剩余页面交互无法执行。 | H139: Codex | I139: 46293 | J139: 第八轮报告；r8-current-preconditions.json；r8-browser-recovery.json | K139: BLOCK-005
A140: 135 | B140: 信号模拟器和前台一起测 | C140: 必须先测 | D140: 打开短信、电话、风险、处罚收件箱，刷新和翻页 | E140: 只查看既有记录；不能因此发送、拨号或签收；未送达或未知不能算已经收到 | F140: 暂时测不了 | G140: 第八轮：未完成本行全部步骤。缺核验飞手及可用短信/电话回执链，未建立满足本分支的独立事件；不伪造送达、播放完成或飞离。 实际处罚接收方列表为空，正式提交返回RECIPIENT_NOT_CONFIGURED；无法验证投递、签收及处罚决定闭环。 浏览器12:04起返回User unavailable；恢复确认后重连仍失败，剩余页面交互无法执行。 | H140: Codex | I140: 46293 | J140: 第八轮报告；r8-current-preconditions.json；r8-browser-recovery.json | K140: BLOCK-005
...

Sheet 准备与流程
A2: 测试准备与操作说明
B3: 完整安排、六个操作示例、误判提醒和验收要求均在本页。
A5: 事项 | B5: 怎么准备或怎么做 | C5: 补充说明
A6: 阅读说明 | B6: 这份文档给实际使用系统、负责测试和参与验收的人看。按下面的顺序操作，检查页面显示和实际处理结果是否一致。每测一项，记下“通过、有问题、暂时测不了、还没测”。
A7: 阅读说明 | B7: 本文是测试安排，下面写的是系统应该怎样表现，不是已经测过的结果。
A8: 一 这次主要测什么
A9: 一 这次主要测什么 | B9: 主要测试业务前台里的登录、融合感知、飞行计划、合法性研判、空域管理、告警事件、反制办理、移送与处罚、证据管理、运行统计和大屏。 本次补充后台设备运维，详见本页下方准备事项、设备运维清单和F31至F36。
A10: 一 这次主要测什么 | B10: 要检查的不只是“按钮能不能点”。还要看：点完后事情有没有真正办成、处理的是不是这架无人机、换个账号能不能看到不该看的数据、出了问题会不会误显示成功。
A11: 打开哪个系统 | B11: 地址 | C11: 测试时用它做什么
A12: 业务前台 | B12: http://localhost:5173/#/login?redirect=/legality | C12: 主要测试对象，按值班人员的日常操作来测
A13: 管理后台 | B13: http://127.0.0.1:5175/login?redirect=/system/roles | C13: 准备账号、设置权限，检查设备、通知和规则配置
A14: 信号模拟器 | B14: http://127.0.0.1:8766/ | C14: 模拟无人机、设备和飞行过程，配合检查前台反应
A15: 一 这次主要测什么 | B15: 模拟测试使用测试设备和测试通知渠道。模拟短信成功，只能说明这次模拟过程正常，不能据此认定真实手机收到了短信；视频和设备动作也一样。
A16: 二 开始之前准备好这些东西
A17: 1 准备能做不同事情的账号
A18: 1 准备能做不同事情的账号 | B18: 不需要把所有操作都放在一个管理员账号里。至少准备能覆盖下面几种情况的账号，哪些账号可以兼用，由管理员按实际权限安排。
A19: 账号能做什么 | B19: 用来检查什么
A20: 只能查看 | B20: 能看资料，但不能核实告警、审批或反制
A21: 能核实告警、申请反制 | B21: 能提交申请，但不能跳过审批
A22: 能审批 | B22: 使用另一账号审批，检查申请和审批是否分开
A23: 能执行已批准的反制 | B23: 只能执行当前允许执行的任务
A24: 被明确授予直接反制权限 | B24: 可以免去逐次审批，但仍要满足设备、范围、时间和证据要求
A25: 只能看某个单位或区域 | B25: 不能看到、下载或处理其他单位、区域的资料
A26: 没有某个页面权限 | B26: 即使知道页面地址，也不能直接进入
A27: 已停用 | B27: 不能继续登录或操作
A28: 没有被授予直接反制权限的管理员 | B28: 检查“管理员”身份是否被错误地当成直接反制许可
A29: 1 准备能做不同事情的账号 | B29: 测试记录里写账号名称和权限，不写密码。
A30: 2 准备几组能互相对应的数据
A31: 2 准备几组能互相对应的数据 | B31: 请开发或环境维护人员配合，通过现有录入、接入和模拟工具准备。不要为了让页面有数据，直接把“执行成功”“已签收”等结果填进数据库。
A32: 准备什么 | B32: 具体例子
A33: 正常飞行 | B33: 有有效飞行计划，沿计划航线飞行的无人机
A34: 异常飞行 | B34: 偏离航线、没有计划、进入测试限飞区域的无人机，各准备一组
A35: 不是无人机的目标 | B35: 鸟、气球、风筝，以及暂时不知道类别的目标
A36: 信息不够的情况 | B36: 没有新位置、资料不全、系统暂时不能确定是否合法
A37: 不同通知结果 | B37: 没有核验飞手、短信可用或不可用、电话可用或不可用、发送失败或结果未知
A38: 不同飞行动作 | B38: 收到短信后离开、收到电话后离开、继续飞、停止上报位置
A39: 不同办理进度 | B39: 待审批、已批准、已驳回、已过期、排队中、执行中、执行失败、已急停
A40: 不同风险情况 | B40: 待核验、待通知、已经通知但风险仍在、已经排除、暂时不能确认
A41: 不同天气资料 | B41: 完全覆盖飞行时间、只覆盖一部分、不覆盖、缺少计划时间
A42: 不同证据 | B42: 图片、视频、文件、飞行轨迹；还要有文件丢失、损坏和无查看权限的情况
... A44: 2 准备几组能互相对应的数据 | B44: 每次模拟都记下本次运行编号，以及对应的无人机、计划和告警编号。后续跨页面检查时，始终对着同一件事看，不能在几个页面各找一条看起来相似的数据。
A45: 3 有几件事要先说清楚
A46: 3 有几件事要先说清楚 | B46: 这些问题来自前一轮编制时对说明文档和代码的核对。正式测试前，应由负责人员确认当前实际情况。
A47: 要先确认的事 | B47: 为什么要确认
A48: 短信送达后到底观察3秒还是10秒 | B48: 当前已确认说明为短信10秒，现代码仍为3秒。按10秒保留验收预期，记录差异；若调整为3秒，须保存新确认。
A49: 后台自动和手动分别怎样设置 | B49: 自动和手动均测试。8种组合需引擎开启并按类别设置；自动执行的人为授权依据另行核对，代码存在不等于授权已确认。
A50: 哪些自动功能已经开启 | B50: 页面能打开，不代表自动研判、短信、电话、移送都已经开启
A51: 用哪些测试账号 | B51: 不直接假定旧演示账号、旧密码还能用
A52: 计划、空域等测试资料从哪里录入 | B52: 旧模拟器的配套方式与较新的数据录入要求存在差异，需要先确定本轮允许的办法
A53: 3 有几件事要先说清楚 | B53: 没有确认的相关项目，写“暂时测不了”和具体原因。能独立测试的其他项目继续做。
A54: 三 建议按这个顺序测试
A55: 顺序 | B55: 做什么 | C55: 做到什么程度再往下走
A56: 第一步 | B56: 检查账号、配置和测试数据 | C56: 能登录，知道自己能做什么，本次数据能查到
A57: 第二步 | B57: 每个页面先走一遍 | C57: 能正常打开、查列表、看详情，关键位置不空白、不报错
A58: 第三步 | B58: 完整处理一件事 | C58: 从发现无人机，一直检查到通知、反制、移送和证据；未具备的必测环节记录暂时测不了，不据此宣布全流程通过
A59: 第四步 | B59: 换条件、换账号再测 | C59: 检查误报、没权限、信息不足、设备故障、断网、重复点击等情况
A60: 第五步 | B60: 修复后重新测 | C60: 原问题确实消失，前后相关操作没有被改坏
A61: 三 建议按这个顺序测试 | B61: 原5～7.5人工日只对应最初模块计划。现已加入8种组合、30条流程与48项补充测试，需要按实际批次数、配合人员和环境重新排期。
A62: 四 先完整走通这六种情况
A63: 第一种 无人机正常飞行
A64: 第一种 无人机正常飞行 | B64: 先准备一份有效飞行计划，再让模拟无人机沿计划航线飞行。到“融合感知”里找到它，查看位置和轨迹；再打开对应飞行计划和合法性研判。
A65: 第一种 无人机正常飞行 | B65: 正常表现：几个页面显示的是同一架无人机，计划匹配正确；有充分依据时显示合法；已飞过且符合计划的轨迹显示绿色，尚未飞过的计划航线显示灰色。不能无故产生违规告警或反制动作。
A66: 第二种 无人机违规后按申请审批流程处理
A67: 第二种 无人机违规后按申请审批流程处理 | B67: 准备一架持续在告警区域内飞行的违规无人机，并为它准备已核验的飞手和可用的模拟短信、电话渠道。值班账号核实告警后，观察短信、等待观察、电话、再次观察的过程。
A68: 第二种 无人机违规后按申请审批流程处理 | B68: 仍未离开时，使用普通申请账号发起反制，换另一个有权账号审批，再由有执行权限的账号操作。查看测试设备有没有实际收到命令、有没有返回结果。分别核对反制与干扰续链回执后，检查自动交接条件；人工交接另按核实事件条件测试。随后，再核对交接、送达、签收和证据。
A69: 第二种 无人机违规后按申请审批流程处理 | B69: 正常表现：每一步处理同一个事件，审批前不能执行，页面提交成功不能冒充设备已经执行成功；移送、送达和签收分别有对应记录。
A70: 第三种 有直接反制权限并在执行中急停
A71: 第三种 有直接反制权限并在执行中急停 | B71: 使用被明确授予直接反制权限的账号，对一条符合条件的告警发起反制。执行过程中点击急停，查看设备回复和停机核查结果。
A72: 第三种 有直接反制权限并在执行中急停 | B72: 正常表现：可以免去逐次审批，但仍检查对象、设备、范围、时间和当前证据；记录真实操作人。点击急停后，只有确认了设备的实际结果，才能认定已经停机。重新打开页面不能自动恢复执行。
A73: 第四种 告警是误报或者信息不够
A74: 第四种 告警是误报或者信息不够 | B74: 一条告警选择“误报”；另一条保留为资料不足或位置已过期。分别查看通知和反制情况。
A75: 第四种 告警是误报或者信息不够 | B75: 正常表现：误报不会继续发短信、打电话或反制；资料不足时明确说明缺什么，不把“不知道”当成“合法”“已经飞走”或者“可以反制”。原始记录和处理历史保留。
A76: 第五种 风险已经通知但还没有解除
A77: 第五种 风险已经通知但还没有解除 | B77: 选一条计划或空域风险，核验后通知上级。对方收到或签收之后，保持风险仍存在；随后再提供能够证明风险解除的有效依据。
A78: 第五种 风险已经通知但还没有解除 | B78: 正常表现：收到通知时，风险仍然显示存在；有解除依据后才按规定退出当前风险列表。之前的通知记录仍能查到。
A79: 第六种 操作后突然断网
A80: 第六种 操作后突然断网 | B80: 请开发人员在测试环境配合，模拟“系统可能已经收到操作，但页面没收到回复”。分别检查核实、通知、反制申请等操作，再恢复网络查看结果。
A81: 第六种 操作后突然断网 | B81: 正常表现：页面说明结果还不能确定，先查原操作是否已经办成。不能因为没看到回复就重复发短信、重复申请或重复下发设备命令。
A82: 六 这几种情况最容易误判
A83: 页面上看到的情况 | B83: 正确理解
A84: 点了发送，出现提交成功 | B84: 说明系统接到了这次操作，还要继续看实际发送和送达结果
A85: 短信已送达、电话已播放 | B85: 说明通知到了，还要看无人机的新位置，才能判断有没有离开
A86: 无人机不再上报位置 | B86: 可能失联或数据中断，不能直接认定飞走
A87: 显示待反制 | B87: 仍要检查权限、有效位置、违规依据和设备条件
A88: 反制审批通过或直接授权成功 | B88: 获得了相应授权，不代表设备已经执行
A89: 急停请求已提交 | B89: 还要看设备回复和实际停机核查
A90: 上级已收到、处罚部门已签收 | B90: 说明交接到了相应阶段，不代表风险解除或处罚办结
A91: 文件完整性检查通过 | B91: 文件内容没有出现相应的完整性问题，不代表内容所描述的事实一定真实
A92: 页面显示0 | B92: 只有确实为零时才正确；没有读到数据应写未知或失败
A93: 七 发现问题怎么记录
A94: 七 发现问题怎么记录 | B94: 每个实际测试情况单独记一条。比如短信可用、短信不可用是两种情况，应分别记录。
A95: 记录什么 | B95: 怎么写
A96: 测试日期和测试人 | B96: 谁在什么时候测的
A97: 测的是哪一项 | B97: 例如“短信送达后无人机停止上报位置”
A98: 用了什么账号和数据 | B98: 账号权限、这次模拟编号、无人机或告警编号；不要写密码
A99: 怎么操作的 | B99: 按1、2、3写出别人能重复的步骤
A100: 应该看到什么 | B100: 按本文件对应要求写
A101: 实际看到了什么 | B101: 如实写页面状态和实际结果，不只写“不正常”
A102: 结果 | B102: 通过、有问题、暂时测不了、还没测；确定不在范围内的另写理由
A103: 证据 | B103: 截图、短视频、操作时间；必要时由开发补充处理和设备记录
...

Sheet 问题记录
A2: 测试问题记录
D3: 本轮只记录，不修改。BUG为已复现问题；OBS为待核实观察；BLOCK为执行条件不足，不混算产品缺陷。
A5: 问题编号 | B5: 检查项编号 | C5: 问题简述 | D5: 怎么操作会出现 | E5: 本来应该怎样 | F5: 实际出现什么 | G5: 严重程度 | H5: 负责人 | I5: 处理进度 | J5: 修复版本和复测情况
A6: BUG-001 | B6: 后台登录页（新增观察项） | C6: 后台多个页面的标签标题出现 undefined | D6: 打开后台登录页；登录后进入设备接入调测，再查看设备管理。 | E6: 各标签标题应显示正确页面名称及平台名称。 | F6: 登录页标题为“登录 - undefined”；登录后调测页仍为“设备接入调测 - undefined”。 | G6: 轻微体验 | H6: 待分配 | I6: 复测通过 | J6: 第五轮浏览器实测登录、设备管理、接入调测及实时监测标签标题正常，无undefined。证据：第五、六轮证据：admin-login-title.png；commission-eo.png；未修改产品代码。
A7: OBS-001 | B7: SIM-01（部分观察） | C7: 模拟器地图缺少3个纹理的控制台告警 | D7: 打开8766信号地图，等待地图加载，读取浏览器控制台。 | E7: 地图所用纹理应能加载，无缺图告警。 | F7: 出现theme-tex-farm、theme-tex-forest、theme-tex-urban could not be loaded。地图加载提示随后消失；尚未判定业务影响。 | G7: 一般问题 | H7: 待分配 | I7: 暂缓并说明 | J7: 第五轮仍有三类缺纹理告警，地图可显示。前台也出现同类警告；尚未确认业务影响。证据：第五、六轮证据：sim-console.json；sim-map.png
A8: BLOCK-001 | B8: AUTH-01、AUTH-02部分、OPS-01部分、F01/F31起步 | C8: 缺少有效测试登录及角色账号 | D8: 按用户提供的三个地址打开系统，检查当前登录状态。 | E8: 使用指定测试账号进入前台、后台及模拟器，再准备隔离批次。 | F8: 三个入口均未登录；截至本轮记录未取得有效账号。空值及虚构账号拒绝已局部检查。 | G8: 影响主要操作 | H8: 测试准备负责人 | I8: 复测通过 | J8: 2026-09-27第二轮已解除：用户提供账号，前台进入合法性页、后台进入设备接入调测。密码不记录在文档中。后续受BLOCK-002影响。
A9: BLOCK-002 | B9: AUTH-01刷新、F01/F31准备、模拟器登录、全部依赖数据库业务 | C9: 测试中途数据库连接中断 | D9: 约18:05登录前台和后台成功；刷新前台，登录模拟器，再读取设备页。核查后端日志和监听端口。 | E9: 数据库持续可用，已登录会话可读取业务资料，模拟器能完成登录。 | F9: 前台提示后端响应超时；模拟器提示无法连接API；后台读取失败。8081仍监听，25432无监听；日志Connection refused、连接池约30秒超时。 | G9: 影响主要操作 | H9: 运行环境负责人 | I9: 复测通过 | J9: 第三轮已恢复原Docker引擎与deploy-db-1、deploy-mosquitto-1。数据库pg_isready通过，health=UP，认证及设备接口200，MQTT新批次成功接收。未清库、未新建替代库。
A10: BLOCK-003 | B10: 前后台页面验收及完整流程 | C10: Codex浏览器站点权限仍拒绝访问 | D10: 前台reload被已保存的localhost:5173禁止设置拦截；后台127.0.0.1:5175访问也被拒绝。 | E10: 用户允许后，浏览器能正常访问测试页面。 | F10: 用户已文字允许继续，但工具仍报告保存的拒绝设置。独立接口测试可执行，页面交互无法执行。 | G10: 影响主要操作 | H10: 浏览器权限设置 | I10: 复测通过 | J10: 第五轮已实际访问5173、5175、8766并完成页面交互，浏览器权限阻塞解除。证据：第五、六轮证据：front-session-recovered.png；weather-onboard.png；inbox-checks.json
A11: BUG-002 | B11: 107及108–114 | C11: 证据台账接口缺失导致页面不可用 | D11: 打开前台证据管理，点击重新读取 | E11: 证据台账与统计可读取 | F11: /api/v1/evidence-ledger无后端映射；页面及统计资源不存在 | G11: 重要功能不可用 | H11: 前后台契约负责人 | I11: 已修复并复测 | J11: 第七轮：补齐evidence-ledger列表/统计/精确记录/材料/CSV。H2+隔离PostgreSQL+认证+目录配置47项通过，package成功，重启后HTTP200；实际页面83条轨迹与166点回放通过。第七轮证据：qa-unblock-full-chain.json；qa-unblock-postrestart.json；qa-unblock-evidence.png；qa-unblock-event-export.csv；qa-unblock-account-verification.json；qa-unblock-package.log。证据目录：C:\Users\Admin（无密码）\.codex\visualizations\2026\09\27\01a0e2a5-9f8d-7261-b23f-0e2b7ef4319e\qa-plan
A12: OBS-002 | B12: 模拟器地图 | C12: 恢复场景名称显示undefined | D12: 恢复模拟器，查看场景名称输入框 | E12: 缺名称应显示空值或合理默认 | F12: 场景名称为字面量undefined；运行时长3分钟也未匹配下拉选项 | G12: 一般体验 | H12: 模拟器负责人 | I12: 待核实 | J12: 第五、六轮证据：sim-map.txt；sim-map.png；规范化场景恢复路径，尚未扩大为所有新建场景问题。
A13: OBS-003 | B13: 后台服务恢复 | C13: 服务不可用提示端口与当前后端不一致 | D13: 后端停止时打开后台设备页 | E13: 提示当前部署的后端地址 | F13: 提示默认8080，本轮实际local服务8081 | G13: 轻微体验 | H13: 管理端负责人 | I13: 待核实 | J13: 第五、六轮证据：admin-service-unavailable.txt；reachability.json
A14: TEST-001 | B14: 前台契约自动测试 | C14: 3项现有测试脚本失败 | D14: 运行6个现有前台契约测试文件 | E14: 测试适配当前源码及Windows换行 | F14: notificationConnectivity旧函数断言；statsApi和targetVideo脚本未兼容CRLF导致import残留 | G14: 测试自动化阻塞 | H14: 前台测试负责人 | I14: 待处理 | J14: 第五、六轮证据：front-contract-tests.log；共8项5通过3失败。未修改脚本，不能当作业务功能通过。
A15: BLOCK-004 | B15: 权限、范围、并发 | C15: 专用权限测试账号未齐 | D15: 核对前后台与模拟器登录 | E15: 提供只读/范围受限/第二操作员等身份 | F15: 用户已明确确认尚无只读、范围受限及第二操作员测试账号；管理员会话有效。 | G15: 阻塞权限验收 | H15: 测试准备负责人 | I15: 部分解除 | J15: 只读及第二操作员已准备，本轮多个写入403与并发冲突已实测；范围受限配置已从当前产品撤回，不再以缺账号笼统阻塞全部权限测试。
A16: BLOCK-005 | B16: 自动组合及F01–F30相关步骤 | C16: 自动引擎和有效业务测试样本未齐 | D16: 查看规则运行提示及业务列表 | E16: 具备合法测试授权、引擎、研判/告警及模拟通知输入 | F16: 引擎明确未启用，当前研判/告警/交接为空；未开启真实反制或发送真实通知 | G16: 阻塞自动链验收 | H16: 测试环境与业务负责人 | I16: 部分解除 | J16: 当前融合/研判/告警及鸟类风险链已实测恢复。剩余是外部通知配置、处罚接收方、设备回执与完整自动授权条件；详见第八轮报告。
... A41: BUG-014 | B41: R29 | C41: 未来观测推进目标最后出现时间及融合轨迹 | D41: 向专用replay识别中目标发重复、旧时刻及未来24小时观测 | E41: 异常时间应隔离，不能把未来点作为当前最新有效位置 | F41: 原轨迹重复未增点；未来观测另入RAW并进入FUSED，last_seen_at推进到次日 | G41: 目标时间可信性 | H41: 融合后端 | I41: 待处理 | J41: r8-time-order-input.json；r8-time-order-result.json；未验证控制资格，不能扩大为自动反制绕过

Sheet 自动手动组合
A2: 自动与手动的8种组合
A3: 8种组合均先保证规则引擎开启且健康，再按类别启停规则。停止整个引擎另测，不能当成切手动。
A5: 组合 | B5: 核实告警 | C5: 发起反制 | D5: 通知处罚部门 | E5: 后台怎样设置 | F5: 前台应该怎样运行 | G5: 每轮要保存的记录
A6: M1 | B6: 手动 | C6: 手动 | D6: 手动 | E6: 引擎开启并健康。 核实类：无启用规则，保留人工处理。 反制类：无启用规则，保留人工处理。 通知处罚类：无启用规则，保留人工处理。 | F6: 人员核实；短信与电话按约定观察。人员按申请审批发起反制。分别核对反制、干扰续链及两次回执。干扰完成后查看冻结交接，由有权人员手动发送处罚通知。送达、签收和办理结果分开。 | G6: 配置截图、规则版本、生效范围和时间、运行健康、本轮账号与设备、模拟批次、目标及告警编号。
A7: M2 | B7: 手动 | C7: 手动 | D7: 自动 | E7: 引擎开启并健康。 核实类：无启用规则，保留人工处理。 反制类：无启用规则，保留人工处理。 通知处罚类：启用规则，全部条件满足。 | F7: 人员核实；短信与电话按约定观察。人员按申请审批发起反制。分别核对反制、干扰续链及两次回执。干扰完成后查看冻结交接，规则满足后自动发送处罚通知。送达、签收和办理结果分开。 | G7: 配置截图、规则版本、生效范围和时间、运行健康、本轮账号与设备、模拟批次、目标及告警编号。
A8: M3 | B8: 手动 | C8: 自动 | D8: 手动 | E8: 引擎开启并健康。 核实类：无启用规则，保留人工处理。 反制类：启用规则，全部条件满足。 通知处罚类：无启用规则，保留人工处理。 须记录允许系统自动执行的有效授权依据。 | F8: 人员核实；短信与电话按约定观察。授权口径确认后系统发起反制。分别核对反制、干扰续链及两次回执。干扰完成后查看冻结交接，由有权人员手动发送处罚通知。送达、签收和办理结果分开。 | G8: 配置截图、规则版本、生效范围和时间、运行健康、本轮账号与设备、模拟批次、目标及告警编号。
A9: M4 | B9: 手动 | C9: 自动 | D9: 自动 | E9: 引擎开启并健康。 核实类：无启用规则，保留人工处理。 反制类：启用规则，全部条件满足。 通知处罚类：启用规则，全部条件满足。 须记录允许系统自动执行的有效授权依据。 | F9: 人员核实；短信与电话按约定观察。授权口径确认后系统发起反制。分别核对反制、干扰续链及两次回执。干扰完成后查看冻结交接，规则满足后自动发送处罚通知。送达、签收和办理结果分开。 | G9: 配置截图、规则版本、生效范围和时间、运行健康、本轮账号与设备、模拟批次、目标及告警编号。
A10: M5 | B10: 自动 | C10: 手动 | D10: 手动 | E10: 引擎开启并健康。 核实类：启用规则，全部条件满足。 反制类：无启用规则，保留人工处理。 通知处罚类：无启用规则，保留人工处理。 | F10: 系统核实；短信与电话按约定观察。人员按申请审批发起反制。分别核对反制、干扰续链及两次回执。干扰完成后查看冻结交接，由有权人员手动发送处罚通知。送达、签收和办理结果分开。 | G10: 配置截图、规则版本、生效范围和时间、运行健康、本轮账号与设备、模拟批次、目标及告警编号。
A11: M6 | B11: 自动 | C11: 手动 | D11: 自动 | E11: 引擎开启并健康。 核实类：启用规则，全部条件满足。 反制类：无启用规则，保留人工处理。 通知处罚类：启用规则，全部条件满足。 | F11: 系统核实；短信与电话按约定观察。人员按申请审批发起反制。分别核对反制、干扰续链及两次回执。干扰完成后查看冻结交接，规则满足后自动发送处罚通知。送达、签收和办理结果分开。 | G11: 配置截图、规则版本、生效范围和时间、运行健康、本轮账号与设备、模拟批次、目标及告警编号。
A12: M7 | B12: 自动 | C12: 自动 | D12: 手动 | E12: 引擎开启并健康。 核实类：启用规则，全部条件满足。 反制类：启用规则，全部条件满足。 通知处罚类：无启用规则，保留人工处理。 须记录允许系统自动执行的有效授权依据。 | F12: 系统核实；短信与电话按约定观察。授权口径确认后系统发起反制。分别核对反制、干扰续链及两次回执。干扰完成后查看冻结交接，由有权人员手动发送处罚通知。送达、签收和办理结果分开。 | G12: 配置截图、规则版本、生效范围和时间、运行健康、本轮账号与设备、模拟批次、目标及告警编号。
A13: M8 | B13: 自动 | C13: 自动 | D13: 自动 | E13: 引擎开启并健康。 核实类：启用规则，全部条件满足。 反制类：启用规则，全部条件满足。 通知处罚类：启用规则，全部条件满足。 须记录允许系统自动执行的有效授权依据。 | F13: 系统核实；短信与电话按约定观察。授权口径确认后系统发起反制。分别核对反制、干扰续链及两次回执。干扰完成后查看冻结交接，规则满足后自动发送处罚通知。送达、签收和办理结果分开。 | G13: 配置截图、规则版本、生效范围和时间、运行健康、本轮账号与设备、模拟批次、目标及告警编号。
A16: 执行提醒
A17: 怎么理解自动 | C17: 本轮要真正启用的，是对应类别的自动执行；不仅是“保存了一条规则”。服务运行正常、规则范围和时段有效、条件满足，才能验证自动动作。
A18: 怎么理解手动 | C18: 手动组合是在引擎开启时停用对应类别的自动规则。关闭整个引擎不保证处罚通知停止自动发送。仍要核对人工权限。
A19: 当前后台入口 | C19: 系统管理 → 规则管理：核实规则、反制规则、通知处罚规则。当前页面通过规则启停及生效设置决定是否自动处理；不假设存在一个控制所有流程的总开关。
A20: 条件不满足时 | C20: 自动规则没有通过，不应误执行。人工入口按原有权限与业务条件决定是否可用，不能因某条规则未通过就一律隐藏，也不能借人工绕过安全条件。
A21: 直接反制另测 | C21: 人员直接反制要求显式权限；系统规则发起采用特殊系统身份。会议要求的人为授权依据须另行核对，不能只凭DIRECT字段认定授权已合格。
A22: 三个开关互不替代 | C22: 关掉自动核实，不等于关掉核实后的飞手短信电话；关掉自动反制，不等于禁止人工反制；通知处罚不等于作出处罚决定。
A23: 本轮先记录时长 | C23: 当前业务约定短信送达后观察10秒，电话播放完成后再10秒；现代码短信3秒，与约定冲突。未有新确认前保留10秒验收基准，详见R16–R19。
A24: 切换什么时候生效 | C24: 切换时记录保存、生效、授权创建、命令排队及实际发送时刻。排队后切手动是否阻断不能假定已实现，按R44核查；切换不是急停。
A25: 数据与通道 | C25: 每种组合使用新批次和独立事件。只用获准的测试资料入口、模拟通知和测试设备；不要在结果表中直接写入成功。
A26: 验收要求 | C26: 8种组合仍需测；正向自动反制必须有明确授权口径。缺少授权依据、渠道或账号填暂时测不了；不能删除该组合，也不能直接标通过。

Sheet 全流程验收
A2: 整体流程验收
A3: 共36条完整流程。F01至F30为前台与业务联动，F31至F36为设备接入、掉线恢复、报修处理、核验失败、并发重试和退役。
A4: “流程结果”自动读取流程步骤记录。任何一步失败、受阻或没有测完，都不能显示整条流程通过。
A5: 流程编号 | B5: 本轮场景 | C5: 配置组合 | D5: 本轮重点怎么做 | E5: 走到哪里才算跑通 | F5: 数据批次及事件编号 | G5: 流程结果 | H5: 负责人 | I5: 执行日期或轮次 | J5: 问题及证据索引
A6: F01 | B6: 手动 / 手动 / 手动 | C6: M1 | D6: 按对应组合跑同一事件：输入、研判、核实、飞手通知、反制、干扰续链、处罚通知、证据和统计。自动授权口径确认后才验正向执行。 | E6: 分别取得反制与干扰两次回执，父子授权可追溯；通知、送达、签收和办理结果正确。无依据的自动授权不能算通过。 | F6: 第八轮：分支证据见J列；未完成整链 | G6: =IF(COUNTIF(流程步骤记录!G6:G15,"有问题")>0,"有问题",IF(COUNTIF(流程步骤记录!G6:G15,"暂时测不了")>0,"暂时测不了",IF(COUNTBLANK(流程步骤记录!G6:G15)>0,"未填结果",IF(COUNTIF(流程步骤记录!G6:G15,"通过")=10,IF(COUNTBLANK(流程步骤记录!H6:L15)>0,"待补证据","通过"),IF(COUNTIF(流程步骤记录!G6:G15,"还没测")=10,"还没测","进行中"))))) -> 暂时测不了 | H6: Codex | I6: 46293 | J6: 第八轮：未完成整项。缺可用反制/干扰测试设备受理及最终回执，自动授权依据仍待确认；既有隔离回归不能替代此现场完整流程。 缺核验飞手及可用短信/电话回执链，未建立满足本分支的独立事件；不伪造送达、播放完成或飞离。 实际处罚接收方列表为空，正式提交返回RECIPIENT_NOT_CONFIGURED；无法验证投递、签收及处罚决定闭环。 证据：第八轮报告；r8-current-preconditions.json；r8-frozen-final-summary.json
A7: F02 | B7: 手动 / 手动 / 自动 | C7: M2 | D7: 按对应组合跑同一事件：输入、研判、核实、飞手通知、反制、干扰续链、处罚通知、证据和统计。自动授权口径确认后才验正向执行。 | E7: 分别取得反制与干扰两次回执，父子授权可追溯；通知、送达、签收和办理结果正确。无依据的自动授权不能算通过。 | F7: 第八轮：分支证据见J列；未完成整链 | G7: =IF(COUNTIF(流程步骤记录!G16:G25,"有问题")>0,"有问题",IF(COUNTIF(流程步骤记录!G16:G25,"暂时测不了")>0,"暂时测不了",IF(COUNTBLANK(流程步骤记录!G16:G25)>0,"未填结果",IF(COUNTIF(流程步骤记录!G16:G25,"通过")=10,IF(COUNTBLANK(流程步骤记录!H16:L25)>0,"待补证据","通过"),IF(COUNTIF(流程步骤记录!G16:G25,"还没测")=10,"还没测","进行中"))))) -> 暂时测不了 | H7: Codex | I7: 46293 | J7: 第八轮：未完成整项。缺可用反制/干扰测试设备受理及最终回执，自动授权依据仍待确认；既有隔离回归不能替代此现场完整流程。 缺核验飞手及可用短信/电话回执链，未建立满足本分支的独立事件；不伪造送达、播放完成或飞离。 实际处罚接收方列表为空，正式提交返回RECIPIENT_NOT_CONFIGURED；无法验证投递、签收及处罚决定闭环。 证据：第八轮报告；r8-current-preconditions.json；r8-frozen-final-summary.json
A8: F03 | B8: 手动 / 自动 / 手动 | C8: M3 | D8: 按对应组合跑同一事件：输入、研判、核实、飞手通知、反制、干扰续链、处罚通知、证据和统计。自动授权口径确认后才验正向执行。 | E8: 分别取得反制与干扰两次回执，父子授权可追溯；通知、送达、签收和办理结果正确。无依据的自动授权不能算通过。 | F8: 第八轮：分支证据见J列；未完成整链 | G8: =IF(COUNTIF(流程步骤记录!G26:G35,"有问题")>0,"有问题",IF(COUNTIF(流程步骤记录!G26:G35,"暂时测不了")>0,"暂时测不了",IF(COUNTBLANK(流程步骤记录!G26:G35)>0,"未填结果",IF(COUNTIF(流程步骤记录!G26:G35,"通过")=10,IF(COUNTBLANK(流程步骤记录!H26:L35)>0,"待补证据","通过"),IF(COUNTIF(流程步骤记录!G26:G35,"还没测")=10,"还没测","进行中"))))) -> 暂时测不了 | H8: Codex | I8: 46293 | J8: 第八轮：未完成整项。缺可用反制/干扰测试设备受理及最终回执，自动授权依据仍待确认；既有隔离回归不能替代此现场完整流程。 缺核验飞手及可用短信/电话回执链，未建立满足本分支的独立事件；不伪造送达、播放完成或飞离。 实际处罚接收方列表为空，正式提交返回RECIPIENT_NOT_CONFIGURED；无法验证投递、签收及处罚决定闭环。 证据：第八轮报告；r8-current-preconditions.json；r8-frozen-final-summary.json
A9: F04 | B9: 手动 / 自动 / 自动 | C9: M4 | D9: 按对应组合跑同一事件：输入、研判、核实、飞手通知、反制、干扰续链、处罚通知、证据和统计。自动授权口径确认后才验正向执行。 | E9: 分别取得反制与干扰两次回执，父子授权可追溯；通知、送达、签收和办理结果正确。无依据的自动授权不能算通过。 | F9: 第八轮：分支证据见J列；未完成整链 | G9: =IF(COUNTIF(流程步骤记录!G36:G45,"有问题")>0,"有问题",IF(COUNTIF(流程步骤记录!G36:G45,"暂时测不了")>0,"暂时测不了",IF(COUNTBLANK(流程步骤记录!G36:G45)>0,"未填结果",IF(COUNTIF(流程步骤记录!G36:G45,"通过")=10,IF(COUNTBLANK(流程步骤记录!H36:L45)>0,"待补证据","通过"),IF(COUNTIF(流程步骤记录!G36:G45,"还没测")=10,"还没测","进行中"))))) -> 暂时测不了 | H9: Codex | I9: 46293 | J9: 第八轮：未完成整项。缺可用反制/干扰测试设备受理及最终回执，自动授权依据仍待确认；既有隔离回归不能替代此现场完整流程。 缺核验飞手及可用短信/电话回执链，未建立满足本分支的独立事件；不伪造送达、播放完成或飞离。 实际处罚接收方列表为空，正式提交返回RECIPIENT_NOT_CONFIGURED；无法验证投递、签收及处罚决定闭环。 证据：第八轮报告；r8-current-preconditions.json；r8-frozen-final-summary.json
A10: F05 | B10: 自动 / 手动 / 手动 | C10: M5 | D10: 按对应组合跑同一事件：输入、研判、核实、飞手通知、反制、干扰续链、处罚通知、证据和统计。自动授权口径确认后才验正向执行。 | E10: 分别取得反制与干扰两次回执，父子授权可追溯；通知、送达、签收和办理结果正确。无依据的自动授权不能算通过。 | F10: 第八轮：分支证据见J列；未完成整链 | G10: =IF(COUNTIF(流程步骤记录!G46:G55,"有问题")>0,"有问题",IF(COUNTIF(流程步骤记录!G46:G55,"暂时测不了")>0,"暂时测不了",IF(COUNTBLANK(流程步骤记录!G46:G55)>0,"未填结果",IF(COUNTIF(流程步骤记录!G46:G55,"通过")=10,IF(COUNTBLANK(流程步骤记录!H46:L55)>0,"待补证据","通过"),IF(COUNTIF(流程步骤记录!G46:G55,"还没测")=10,"还没测","进行中"))))) -> 暂时测不了 | H10: Codex | I10: 46293 | J10: 第八轮：未完成整项。缺可用反制/干扰测试设备受理及最终回执，自动授权依据仍待确认；既有隔离回归不能替代此现场完整流程。 缺核验飞手及可用短信/电话回执链，未建立满足本分支的独立事件；不伪造送达、播放完成或飞离。 实际处罚接收方列表为空，正式提交返回RECIPIENT_NOT_CONFIGURED；无法验证投递、签收及处罚决定闭环。 证据：第八轮报告；r8-current-preconditions.json；r8-frozen-final-summary.json
A11: F06 | B11: 自动 / 手动 / 自动 | C11: M6 | D11: 按对应组合跑同一事件：输入、研判、核实、飞手通知、反制、干扰续链、处罚通知、证据和统计。自动授权口径确认后才验正向执行。 | E11: 分别取得反制与干扰两次回执，父子授权可追溯；通知、送达、签收和办理结果正确。无依据的自动授权不能算通过。 | F11: 第八轮：分支证据见J列；未完成整链 | G11: =IF(COUNTIF(流程步骤记录!G56:G65,"有问题")>0,"有问题",IF(COUNTIF(流程步骤记录!G56:G65,"暂时测不了")>0,"暂时测不了",IF(COUNTBLANK(流程步骤记录!G56:G65)>0,"未填结果",IF(COUNTIF(流程步骤记录!G56:G65,"通过")=10,IF(COUNTBLANK(流程步骤记录!H56:L65)>0,"待补证据","通过"),IF(COUNTIF(流程步骤记录!G56:G65,"还没测")=10,"还没测","进行中"))))) -> 暂时测不了 | H11: Codex | I11: 46293 | J11: 第八轮：未完成整项。缺可用反制/干扰测试设备受理及最终回执，自动授权依据仍待确认；既有隔离回归不能替代此现场完整流程。 缺核验飞手及可用短信/电话回执链，未建立满足本分支的独立事件；不伪造送达、播放完成或飞离。 实际处罚接收方列表为空，正式提交返回RECIPIENT_NOT_CONFIGURED；无法验证投递、签收及处罚决定闭环。 证据：第八轮报告；r8-current-preconditions.json；r8-frozen-final-summary.json
A12: F07 | B12: 自动 / 自动 / 手动 | C12: M7 | D12: 按对应组合跑同一事件：输入、研判、核实、飞手通知、反制、干扰续链、处罚通知、证据和统计。自动授权口径确认后才验正向执行。 | E12: 分别取得反制与干扰两次回执，父子授权可追溯；通知、送达、签收和办理结果正确。无依据的自动授权不能算通过。 | F12: 第八轮：分支证据见J列；未完成整链 | G12: =IF(COUNTIF(流程步骤记录!G66:G75,"有问题")>0,"有问题",IF(COUNTIF(流程步骤记录!G66:G75,"暂时测不了")>0,"暂时测不了",IF(COUNTBLANK(流程步骤记录!G66:G75)>0,"未填结果",IF(COUNTIF(流程步骤记录!G66:G75,"通过")=10,IF(COUNTBLANK(流程步骤记录!H66:L75)>0,"待补证据","通过"),IF(COUNTIF(流程步骤记录!G66:G75,"还没测")=10,"还没测","进行中"))))) -> 暂时测不了 | H12: Codex | I12: 46293 | J12: 第八轮：未完成整项。缺可用反制/干扰测试设备受理及最终回执，自动授权依据仍待确认；既有隔离回归不能替代此现场完整流程。 缺核验飞手及可用短信/电话回执链，未建立满足本分支的独立事件；不伪造送达、播放完成或飞离。 实际处罚接收方列表为空，正式提交返回RECIPIENT_NOT_CONFIGURED；无法验证投递、签收及处罚决定闭环。 证据：第八轮报告；r8-current-preconditions.json；r8-frozen-final-summary.json
A13: F08 | B13: 自动 / 自动 / 自动 | C13: M8 | D13: 按对应组合跑同一事件：输入、研判、核实、飞手通知、反制、干扰续链、处罚通知、证据和统计。自动授权口径确认后才验正向执行。 | E13: 分别取得反制与干扰两次回执，父子授权可追溯；通知、送达、签收和办理结果正确。无依据的自动授权不能算通过。 | F13: 第八轮：分支证据见J列；未完成整链 | G13: =IF(COUNTIF(流程步骤记录!G76:G85,"有问题")>0,"有问题",IF(COUNTIF(流程步骤记录!G76:G85,"暂时测不了")>0,"暂时测不了",IF(COUNTBLANK(流程步骤记录!G76:G85)>0,"未填结果",IF(COUNTIF(流程步骤记录!G76:G85,"通过")=10,IF(COUNTBLANK(流程步骤记录!H76:L85)>0,"待补证据","通过"),IF(COUNTIF(流程步骤记录!G76:G85,"还没测")=10,"还没测","进行中"))))) -> 暂时测不了 | H13: Codex | I13: 46293 | J13: 第八轮：未完成整项。缺可用反制/干扰测试设备受理及最终回执，自动授权依据仍待确认；既有隔离回归不能替代此现场完整流程。 缺核验飞手及可用短信/电话回执链，未建立满足本分支的独立事件；不伪造送达、播放完成或飞离。 实际处罚接收方列表为空，正式提交返回RECIPIENT_NOT_CONFIGURED；无法验证投递、签收及处罚决定闭环。 证据：第八轮报告；r8-current-preconditions.json；r8-frozen-final-summary.json
A14: F09 | B14: 正常飞行不误触发 | C14: M8 | D14: 提供有效计划并持续沿计划飞行。 | E14: 合法依据明确，不产生无故通知、反制或处罚交接。 | F14: 第八轮：分支证据见J列；未完成整链 | G14: =IF(COUNTIF(流程步骤记录!G86:G95,"有问题")>0,"有问题",IF(COUNTIF(流程步骤记录!G86:G95,"暂时测不了")>0,"暂时测不了",IF(COUNTBLANK(流程步骤记录!G86:G95)>0,"未填结果",IF(COUNTIF(流程步骤记录!G86:G95,"通过")=10,IF(COUNTBLANK(流程步骤记录!H86:L95)>0,"待补证据","通过"),IF(COUNTIF(流程步骤记录!G86:G95,"还没测")=10,"还没测","进行中"))))) -> 暂时测不了 | H14: Codex | I14: 46293 | J14: 第八轮：未完成整项。缺可用反制/干扰测试设备受理及最终回执，自动授权依据仍待确认；既有隔离回归不能替代此现场完整流程。 缺核验飞手及可用短信/电话回执链，未建立满足本分支的独立事件；不伪造送达、播放完成或飞离。 实际处罚接收方列表为空，正式提交返回RECIPIENT_NOT_CONFIGURED；无法验证投递、签收及处罚决定闭环。 证据：第八轮报告；r8-current-preconditions.json；r8-frozen-final-summary.json
A15: F10 | B15: 手动核实为误报 | C15: M4 | D15: 待核实事件由人员判误报。 | E15: 后续虽配置自动，仍不能发短信、反制或通知处罚；误报历史保留。 | F15: 第八轮：分支证据见J列；未完成整链 | G15: =IF(COUNTIF(流程步骤记录!G96:G105,"有问题")>0,"有问题",IF(COUNTIF(流程步骤记录!G96:G105,"暂时测不了")>0,"暂时测不了",IF(COUNTBLANK(流程步骤记录!G96:G105)>0,"未填结果",IF(COUNTIF(流程步骤记录!G96:G105,"通过")=10,IF(COUNTBLANK(流程步骤记录!H96:L105)>0,"待补证据","通过"),IF(COUNTIF(流程步骤记录!G96:G105,"还没测")=10,"还没测","进行中"))))) -> 暂时测不了 | H15: Codex | I15: 46293 | J15: 第八轮部分验证，整项未完成：专用待核实告警由管理员在前台判误报，状态和历史正确；M4规则组合与后续自动化不误触发的整链未按独立批次完成。 证据：r8-chain-initial.json；r8-filter-confirmed.txt
A16: F11 | B16: 短信后飞离 | C16: M8 | D16: 短信送达后，目标持续上报飞离区域的有效位置。 | E16: 通知升级及反制停止；保留告警确认和短信记录，不把移送规则当作处罚依据。 | F16: 第八轮：分支证据见J列；未完成整链 | G16: =IF(COUNTIF(流程步骤记录!G106:G115,"有问题")>0,"有问题",IF(COUNTIF(流程步骤记录!G106:G115,"暂时测不了")>0,"暂时测不了",IF(COUNTBLANK(流程步骤记录!G106:G115)>0,"未填结果",IF(COUNTIF(流程步骤记录!G106:G115,"通过")=10,IF(COUNTBLANK(流程步骤记录!H106:L115)>0,"待补证据","通过"),IF(COUNTIF(流程步骤记录!G106:G115,"还没测")=10,"还没测","进行中"))))) -> 暂时测不了 | H16: Codex | I16: 46293 | J16: 第八轮：未完成整项。缺可用反制/干扰测试设备受理及最终回执，自动授权依据仍待确认；既有隔离回归不能替代此现场完整流程。 缺核验飞手及可用短信/电话回执链，未建立满足本分支的独立事件；不伪造送达、播放完成或飞离。 实际处罚接收方列表为空，正式提交返回RECIPIENT_NOT_CONFIGURED；无法验证投递、签收及处罚决定闭环。 证据：第八轮报告；r8-current-preconditions.json；r8-frozen-final-summary.json
A17: F12 | B17: 电话后飞离 | C17: M8 | D17: 短信后仍在域，电话播放完成后飞离并继续上报。 | E17: 第二段观察确认飞离，不继续反制；电话事实保留。 | F17: 第八轮：分支证据见J列；未完成整链 | G17: =IF(COUNTIF(流程步骤记录!G116:G125,"有问题")>0,"有问题",IF(COUNTIF(流程步骤记录!G116:G125,"暂时测不了")>0,"暂时测不了",IF(COUNTBLANK(流程步骤记录!G116:G125)>0,"未填结果",IF(COUNTIF(流程步骤记录!G116:G125,"通过")=10,IF(COUNTBLANK(流程步骤记录!H116:L125)>0,"待补证据","通过"),IF(COUNTIF(流程步骤记录!G116:G125,"还没测")=10,"还没测","进行中"))))) -> 暂时测不了 | H17: Codex | I17: 46293 | J17: 第八轮：未完成整项。缺可用反制/干扰测试设备受理及最终回执，自动授权依据仍待确认；既有隔离回归不能替代此现场完整流程。 缺核验飞手及可用短信/电话回执链，未建立满足本分支的独立事件；不伪造送达、播放完成或飞离。 实际处罚接收方列表为空，正式提交返回RECIPIENT_NOT_CONFIGURED；无法验证投递、签收及处罚决定闭环。 证据：第八轮报告；r8-current-preconditions.json；r8-frozen-final-summary.json
A18: F13 | B18: 通知后停止上报 | C18: M8 | D18: 短信送达后停掉主辅目标位置，设备心跳保留。 | E18: 显示无法确认离开；不误打电话或误反制，不能拿旧位置继续执行。 | F18: 第八轮：分支证据见J列；未完成整链 | G18: =IF(COUNTIF(流程步骤记录!G126:G135,"有问题")>0,"有问题",IF(COUNTIF(流程步骤记录!G126:G135,"暂时测不了")>0,"暂时测不了",IF(COUNTBLANK(流程步骤记录!G126:G135)>0,"未填结果",IF(COUNTIF(流程步骤记录!G126:G135,"通过")=10,IF(COUNTBLANK(流程步骤记录!H126:L135)>0,"待补证据","通过"),IF(COUNTIF(流程步骤记录!G126:G135,"还没测")=10,"还没测","进行中"))))) -> 暂时测不了 | H18: Codex | I18: 46293 | J18: 第八轮：未完成整项。缺可用反制/干扰测试设备受理及最终回执，自动授权依据仍待确认；既有隔离回归不能替代此现场完整流程。 缺核验飞手及可用短信/电话回执链，未建立满足本分支的独立事件；不伪造送达、播放完成或飞离。 实际处罚接收方列表为空，正式提交返回RECIPIENT_NOT_CONFIGURED；无法验证投递、签收及处罚决定闭环。 证据：第八轮报告；r8-current-preconditions.json；r8-frozen-final-summary.json
A19: F14 | B19: 没有核验飞手或渠道不可用 | C19: M8 | D19: F14必须分别完成R40、R41、R42，三个子批次均留证。 | E19: 无飞手/无短信不假造通知；电话不可用仍先短信观察。符合其他条件时才进入后续反制。 | F19: 第八轮：分支证据见J列；未完成整链 | G19: =IF(COUNTIF(流程步骤记录!G136:G145,"有问题")>0,"有问题",IF(COUNTIF(流程步骤记录!G136:G145,"暂时测不了")>0,"暂时测不了",IF(COUNTBLANK(流程步骤记录!G136:G145)>0,"未填结果",IF(COUNTIF(流程步骤记录!G136:G145,"通过")=10,IF(COUNTIFS(补充测试清单!A6:A53,"R40",补充测试清单!M6:M53,"记录齐全")+COUNTIFS(补充测试清单!A6:A53,"R41",补充测试清单!M6:M53,"记录齐全")+COUNTIFS(补充测试清单!A6:A53,"R42",补充测试清单!M6:M53,"记录齐全")<3,"子场景未完成",IF(COUNTBLANK(流程步骤记录!H136:L145)>0,"待补证据","通过")),IF(COUNTIF(流程步骤记录!G136:G145,"还没测")=10,"还没测","进行中"))))) -> 暂时测不了 | H19: Codex | I19: 46293 | J19: 第八轮：未完成整项。缺可用反制/干扰测试设备受理及最终回执，自动授权依据仍待确认；既有隔离回归不能替代此现场完整流程。 缺核验飞手及可用短信/电话回执链，未建立满足本分支的独立事件；不伪造送达、播放完成或飞离。 实际处罚接收方列表为空，正式提交返回RECIPIENT_NOT_CONFIGURED；无法验证投递、签收及处罚决定闭环。 证据：第八轮报告；r8-current-preconditions.json；r8-frozen-final-summary.json
A20: F15 | B20: 自动改手动 | C20: M8→M1 | D20: F15分别完成R43、R44、R45，不能只测一个时机。 | E20: 保存生效后未发送动作停止自动推进，有权人员可接手；已发动作继续核对实际结果。 | F20: 第八轮：分支证据见J列；未完成整链 | G20: =IF(COUNTIF(流程步骤记录!G146:G155,"有问题")>0,"有问题",IF(COUNTIF(流程步骤记录!G146:G155,"暂时测不了")>0,"暂时测不了",IF(COUNTBLANK(流程步骤记录!G146:G155)>0,"未填结果",IF(COUNTIF(流程步骤记录!G146:G155,"通过")=10,IF(COUNTIFS(补充测试清单!A6:A53,"R43",补充测试清单!M6:M53,"记录齐全")+COUNTIFS(补充测试清单!A6:A53,"R44",补充测试清单!M6:M53,"记录齐全")+COUNTIFS(补充测试清单!A6:A53,"R45",补充测试清单!M6:M53,"记录齐全")<3,"子场景未完成",IF(COUNTBLANK(流程步骤记录!H146:L155)>0,"待补证据","通过")),IF(COUNTIF(流程步骤记录!G146:G155,"还没测")=10,"还没测","进行中"))))) -> 暂时测不了 | H20: Codex | I20: 46293 | J20: 第八轮：未完成整项。缺可用反制/干扰测试设备受理及最终回执，自动授权依据仍待确认；既有隔离回归不能替代此现场完整流程。 缺核验飞手及可用短信/电话回执链，未建立满足本分支的独立事件；不伪造送达、播放完成或飞离。 实际处罚接收方列表为空，正式提交返回RECIPIENT_NOT_CONFIGURED；无法验证投递、签收及处罚决定闭环。 证据：第八轮报告；r8-current-preconditions.json；r8-frozen-final-summary.json
A21: F16 | B21: 手动改自动 | C21: M1→M8 | D21: F16须分别记录核实、反制、通知三个切换子批次；全部完成后才汇总。 | E21: 生效后重新检查当前依据和条件，只执行尚未完成的动作；不会重办已完成步骤。 | F21: 第八轮：分支证据见J列；未完成整链 | G21: =IF(COUNTIF(流程步骤记录!G156:G165,"有问题")>0,"有问题",IF(COUNTIF(流程步骤记录!G156:G165,"暂时测不了")>0,"暂时测不了",IF(COUNTBLANK(流程步骤记录!G156:G165)>0,"未填结果",IF(COUNTIF(流程步骤记录!G156:G165,"通过")=10,IF(COUNTBLANK(流程步骤记录!H156:L165)>0,"待补证据","通过"),IF(COUNTIF(流程步骤记录!G156:G165,"还没测")=10,"还没测","进行中"))))) -> 暂时测不了 | H21: Codex | I21: 46293 | J21: 第八轮：未完成整项。缺可用反制/干扰测试设备受理及最终回执，自动授权依据仍待确认；既有隔离回归不能替代此现场完整流程。 缺核验飞手及可用短信/电话回执链，未建立满足本分支的独立事件；不伪造送达、播放完成或飞离。 实际处罚接收方列表为空，正式提交返回RECIPIENT_NOT_CONFIGURED；无法验证投递、签收及处罚决定闭环。 证据：第八轮报告；r8-current-preconditions.json；r8-frozen-final-summary.json
A22: F17 | B22: 自动与人员同时操作 | C22: M8 | D22: F17须分别记录核实、反制、通知三个并发子批次及动作数量。 | E22: 同一事件同一步只产生一次有效动作；冲突有提示，不重复发设备命令或通知。 | F22: 第八轮：分支证据见J列；未完成整链 | G22: =IF(COUNTIF(流程步骤记录!G166:G175,"有问题")>0,"有问题",IF(COUNTIF(流程步骤记录!G166:G175,"暂时测不了")>0,"暂时测不了",IF(COUNTBLANK(流程步骤记录!G166:G175)>0,"未填结果",IF(COUNTIF(流程步骤记录!G166:G175,"通过")=10,IF(COUNTBLANK(流程步骤记录!H166:L175)>0,"待补证据","通过"),IF(COUNTIF(流程步骤记录!G166:G175,"还没测")=10,"还没测","进行中"))))) -> 暂时测不了 | H22: Codex | I22: 46293 | J22: 第八轮：未完成整项。缺可用反制/干扰测试设备受理及最终回执，自动授权依据仍待确认；既有隔离回归不能替代此现场完整流程。 缺核验飞手及可用短信/电话回执链，未建立满足本分支的独立事件；不伪造送达、播放完成或飞离。 实际处罚接收方列表为空，正式提交返回RECIPIENT_NOT_CONFIGURED；无法验证投递、签收及处罚决定闭环。 证据：第八轮报告；r8-current-preconditions.json；r8-frozen-final-summary.json
A23: F18 | B23: 规则不满足后再满足 | C23: M8 | D23: F18须分别记录时间、范围、阈值、持续观测、数据不足五类条件及边界。 | E23: 先停在对应步骤并说明原因，不能自动通过；有效条件满足后只继续一次。 | F23: 第八轮：分支证据见J列；未完成整链 | G23: =IF(COUNTIF(流程步骤记录!G176:G185,"有问题")>0,"有问题",IF(COUNTIF(流程步骤记录!G176:G185,"暂时测不了")>0,"暂时测不了",IF(COUNTBLANK(流程步骤记录!G176:G185)>0,"未填结果",IF(COUNTIF(流程步骤记录!G176:G185,"通过")=10,IF(COUNTBLANK(流程步骤记录!H176:L185)>0,"待补证据","通过"),IF(COUNTIF(流程步骤记录!G176:G185,"还没测")=10,"还没测","进行中"))))) -> 暂时测不了 | H23: Codex | I23: 46293 | J23: 第八轮：未完成整项。缺可用反制/干扰测试设备受理及最终回执，自动授权依据仍待确认；既有隔离回归不能替代此现场完整流程。 缺核验飞手及可用短信/电话回执链，未建立满足本分支的独立事件；不伪造送达、播放完成或飞离。 实际处罚接收方列表为空，正式提交返回RECIPIENT_NOT_CONFIGURED；无法验证投递、签收及处罚决定闭环。 证据：第八轮报告；r8-current-preconditions.json；r8-frozen-final-summary.json
A24: F19 | B24: 服务暂停或断网后恢复 | C24: M8 | D24: 分别模拟执行服务未启用/异常、页面断网、后台处理重启，然后恢复。 | E24: 未启用或异常如实显示；恢复后对账，不重复核实、通知、下发或移送。 | F24: 第八轮：分支证据见J列；未完成整链 | G24: =IF(COUNTIF(流程步骤记录!G186:G195,"有问题")>0,"有问题",IF(COUNTIF(流程步骤记录!G186:G195,"暂时测不了")>0,"暂时测不了",IF(COUNTBLANK(流程步骤记录!G186:G195)>0,"未填结果",IF(COUNTIF(流程步骤记录!G186:G195,"通过")=10,IF(COUNTBLANK(流程步骤记录!H186:L195)>0,"待补证据","通过"),IF(COUNTIF(流程步骤记录!G186:G195,"还没测")=10,"还没测","进行中"))))) -> 暂时测不了 | H24: Codex | I24: 46293 | J24: 第八轮：未完成整项。缺可用反制/干扰测试设备受理及最终回执，自动授权依据仍待确认；既有隔离回归不能替代此现场完整流程。 缺核验飞手及可用短信/电话回执链，未建立满足本分支的独立事件；不伪造送达、播放完成或飞离。 实际处罚接收方列表为空，正式提交返回RECIPIENT_NOT_CONFIGURED；无法验证投递、签收及处罚决定闭环。 证据：第八轮报告；r8-current-preconditions.json；r8-frozen-final-summary.json
A25: F20 | B25: 设备失败并急停核查 | C25: M8 | D25: 分别模拟设备忙、命令失败、结果未知；另运行一批执行中急停。 | E25: 失败不能当成功，不虚构后续移送；急停需要回复与实际停机核查，切换模式不替代急停。 | F25: 第八轮：分支证据见J列；未完成整链 | G25: =IF(COUNTIF(流程步骤记录!G196:G205,"有问题")>0,"有问题",IF(COUNTIF(流程步骤记录!G196:G205,"暂时测不了")>0,"暂时测不了",IF(COUNTBLANK(流程步骤记录!G196:G205)>0,"未填结果",IF(COUNTIF(流程步骤记录!G196:G205,"通过")=10,IF(COUNTBLANK(流程步骤记录!H196:L205)>0,"待补证据","通过"),IF(COUNTIF(流程步骤记录!G196:G205,"还没测")=10,"还没测","进行中"))))) -> 暂时测不了 | H25: Codex | I25: 46293 | J25: 第八轮：未完成整项。缺可用反制/干扰测试设备受理及最终回执，自动授权依据仍待确认；既有隔离回归不能替代此现场完整流程。 缺核验飞手及可用短信/电话回执链，未建立满足本分支的独立事件；不伪造送达、播放完成或飞离。 实际处罚接收方列表为空，正式提交返回RECIPIENT_NOT_CONFIGURED；无法验证投递、签收及处罚决定闭环。 证据：第八轮报告；r8-current-preconditions.json；r8-frozen-final-summary.json
A26: F21 | B26: 排队后资格变化 | C26: M8 | D26: 在排队及续链前，让授权/规则时段到期、观测过期，或取消可执行资格。 | E26: 真正发送前重新检查，不超范围或原授权窗口，不拿以前规则通过的结果继续下发。 | F26: 第八轮：分支证据见J列；未完成整链 | G26: =IF(COUNTIF(流程步骤记录!G206:G215,"有问题")>0,"有问题",IF(COUNTIF(流程步骤记录!G206:G215,"暂时测不了")>0,"暂时测不了",IF(COUNTBLANK(流程步骤记录!G206:G215)>0,"未填结果",IF(COUNTIF(流程步骤记录!G206:G215,"通过")=10,IF(COUNTBLANK(流程步骤记录!H206:L215)>0,"待补证据","通过"),IF(COUNTIF(流程步骤记录!G206:G215,"还没测")=10,"还没测","进行中"))))) -> 暂时测不了 | H26: Codex | I26: 46293 | J26: 第八轮：未完成整项。缺可用反制/干扰测试设备受理及最终回执，自动授权依据仍待确认；既有隔离回归不能替代此现场完整流程。 缺核验飞手及可用短信/电话回执链，未建立满足本分支的独立事件；不伪造送达、播放完成或飞离。 实际处罚接收方列表为空，正式提交返回RECIPIENT_NOT_CONFIGURED；无法验证投递、签收及处罚决定闭环。 证据：第八轮报告；r8-current-preconditions.json；r8-frozen-final-summary.json
A27: F22 | B27: 权限不足人员尝试接手 | C27: M8 | D27: 系统自动条件暂未满足时，用只读和范围受限账号分别操作；再换有权账号。 | E27: 无权人员不能接手，自动模式不授予个人权限；换有权账号也须满足当前业务条件。 | F27: 第八轮：分支证据见J列；未完成整链 | G27: =IF(COUNTIF(流程步骤记录!G216:G225,"有问题")>0,"有问题",IF(COUNTIF(流程步骤记录!G216:G225,"暂时测不了")>0,"暂时测不了",IF(COUNTBLANK(流程步骤记录!G216:G225)>0,"未填结果",IF(COUNTIF(流程步骤记录!G216:G225,"通过")=10,IF(COUNTBLANK(流程步骤记录!H216:L225)>0,"待补证据","通过"),IF(COUNTIF(流程步骤记录!G216:G225,"还没测")=10,"还没测","进行中"))))) -> 暂时测不了 | H27: Codex | I27: 46293 | J27: 第八轮：未完成整项。缺可用反制/干扰测试设备受理及最终回执，自动授权依据仍待确认；既有隔离回归不能替代此现场完整流程。 缺核验飞手及可用短信/电话回执链，未建立满足本分支的独立事件；不伪造送达、播放完成或飞离。 实际处罚接收方列表为空，正式提交返回RECIPIENT_NOT_CONFIGURED；无法验证投递、签收及处罚决定闭环。 证据：第八轮报告；r8-current-preconditions.json；r8-frozen-final-summary.json
A28: F23 | B28: 人员直接反制完整链路 | C28: M1 | D28: 换显式直接授权账号人工发起；另用未授直接权限的管理员尝试。 | E28: 有权者免逐次审批但保留真实操作人；无权者被阻止；设备结果、交接和证据仍完整。 | F28: 第八轮：分支证据见J列；未完成整链 | G28: =IF(COUNTIF(流程步骤记录!G226:G235,"有问题")>0,"有问题",IF(COUNTIF(流程步骤记录!G226:G235,"暂时测不了")>0,"暂时测不了",IF(COUNTBLANK(流程步骤记录!G226:G235)>0,"未填结果",IF(COUNTIF(流程步骤记录!G226:G235,"通过")=10,IF(COUNTBLANK(流程步骤记录!H226:L235)>0,"待补证据","通过"),IF(COUNTIF(流程步骤记录!G226:G235,"还没测")=10,"还没测","进行中"))))) -> 暂时测不了 | H28: Codex | I28: 46293 | J28: 第八轮：未完成整项。缺可用反制/干扰测试设备受理及最终回执，自动授权依据仍待确认；既有隔离回归不能替代此现场完整流程。 缺核验飞手及可用短信/电话回执链，未建立满足本分支的独立事件；不伪造送达、播放完成或飞离。 实际处罚接收方列表为空，正式提交返回RECIPIENT_NOT_CONFIGURED；无法验证投递、签收及处罚决定闭环。 证据：第八轮报告；r8-current-preconditions.json；r8-frozen-final-summary.json
A29: F24 | B29: 处罚通知失败及迟到回执 | C29: M8 | D29: 设备执行完成后模拟移送发送失败、送达未知、签收超时，再补迟到/重复回复。 | E29: 失败与未知明确；先对账再决定补发；只更新同一交接，不重复移送、不把签收当处罚办结。 | F29: 第八轮：分支证据见J列；未完成整链 | G29: =IF(COUNTIF(流程步骤记录!G236:G245,"有问题")>0,"有问题",IF(COUNTIF(流程步骤记录!G236:G245,"暂时测不了")>0,"暂时测不了",IF(COUNTBLANK(流程步骤记录!G236:G245)>0,"未填结果",IF(COUNTIF(流程步骤记录!G236:G245,"通过")=10,IF(COUNTBLANK(流程步骤记录!H236:L245)>0,"待补证据","通过"),IF(COUNTIF(流程步骤记录!G236:G245,"还没测")=10,"还没测","进行中"))))) -> 暂时测不了 | H29: Codex | I29: 46293 | J29: 第八轮：未完成整项。缺可用反制/干扰测试设备受理及最终回执，自动授权依据仍待确认；既有隔离回归不能替代此现场完整流程。 缺核验飞手及可用短信/电话回执链，未建立满足本分支的独立事件；不伪造送达、播放完成或飞离。 实际处罚接收方列表为空，正式提交返回RECIPIENT_NOT_CONFIGURED；无法验证投递、签收及处罚决定闭环。 证据：第八轮报告；r8-current-preconditions.json；r8-frozen-final-summary.json
A30: F25 | B30: 计划天气风险与通知上级 | C30: 独立风险流程 | D30: 录入计划和覆盖其时段的天气，产生有效风险后核验并通知上级；先保持风险，再提供解除依据。 | E30: 天气、计划当前风险、核验、通知送达与签收、解除、历史及统计完整对应；签收不能提前解除风险。 | F30: 第八轮：分支证据见J列；未完成整链 | G30: =IF(COUNTIF(流程步骤记录!G246:G255,"有问题")>0,"有问题",IF(COUNTIF(流程步骤记录!G246:G255,"暂时测不了")>0,"暂时测不了",IF(COUNTBLANK(流程步骤记录!G246:G255)>0,"未填结果",IF(COUNTIF(流程步骤记录!G246:G255,"通过")=10,IF(COUNTBLANK(流程步骤记录!H246:L255)>0,"待补证据","通过"),IF(COUNTIF(流程步骤记录!G246:G255,"还没测")=10,"还没测","进行中"))))) -> 暂时测不了 | H30: Codex | I30: 46293 | J30: 第八轮：未完成整项。已录入四种天气覆盖样本，但天气风险及上级有效回执链未准备齐全。 证据：第八轮报告；r8-current-preconditions.json；r8-frozen-final-summary.json
A31: F26 | B31: 计划未见目标与设备恢复 | C31: 设备异常联动 | D31: 计划到时未发现目标，测试设备异常检查及通知后台；后台处理后分别验证恢复成功和未恢复。 | E31: 前台计划检查、异常通知、后台处理事项和实际设备恢复能对应；已通知或已处理不能冒充恢复。 | F31: 第八轮：分支证据见J列；未完成整链 | G31: =IF(COUNTIF(流程步骤记录!G256:G265,"有问题")>0,"有问题",IF(COUNTIF(流程步骤记录!G256:G265,"暂时测不了")>0,"暂时测不了",IF(COUNTBLANK(流程步骤记录!G256:G265)>0,"未填结果",IF(COUNTIF(流程步骤记录!G256:G265,"通过")=10,IF(COUNTBLANK(流程步骤记录!H256:L265)>0,"待补证据","通过"),IF(COUNTIF(流程步骤记录!G256:G265,"还没测")=10,"还没测","进行中"))))) -> 暂时测不了 | H31: Codex | I31: 46293 | J31: 第八轮：未完成整项。缺独立健康GOOD的恢复样本或所需TCP/光电协议测试回执；MQTT在线和UNKNOWN不能冒充健康恢复。 证据：第八轮报告；r8-current-preconditions.json；r8-frozen-final-summary.json
A32: F27 | B32: 鸟群风险独立闭环 | C32: 风险主线 | D32: 用同一鸟群从发现走到通知、反馈和风险解除；不进入无人机合法性或反制链。 | E32: 风险与通知事实可追溯；有解除依据才解除；旧记录保留。 | F32: 第八轮：分支证据见J列；未完成整链 | G32: =IF(COUNTIF(流程步骤记录!G266:G275,"有问题")>0,"有问题",IF(COUNTIF(流程步骤记录!G266:G275,"暂时测不了")>0,"暂时测不了",IF(COUNTBLANK(流程步骤记录!G266:G275)>0,"未填结果",IF(COUNTIF(流程步骤记录!G266:G275,"通过")=10,IF(COUNTBLANK(流程步骤记录!H266:L275)>0,"待补证据","通过"),IF(COUNTIF(流程步骤记录!G266:G275,"还没测")=10,"还没测","进行中"))))) -> 暂时测不了 | H32: Codex | I32: 46293 | J32: 第八轮部分验证，整项未完成：同一鸟类批次已完成发现、风险生成、核验和通知交接，未进无人机研判；配置未启用阻断实际投递，反馈/解除闭环未完成。 证据：r8-bird-evaluation.json；r8-risk-verification.json；r8-risk-final.json
A33: F28 | B33: 三路融合及降级恢复 | C33: 三路输入 | D33: 融合箱、5G-A、TDOA观察同一目标，制造掉线和补传后回看全链路。 | E33: 统一ID及原始对应完整，降级可见，恢复不触发历史假动作。 | F33: 第八轮：分支证据见J列；未完成整链 | G33: =IF(COUNTIF(流程步骤记录!G276:G285,"有问题")>0,"有问题",IF(COUNTIF(流程步骤记录!G276:G285,"暂时测不了")>0,"暂时测不了",IF(COUNTBLANK(流程步骤记录!G276:G285)>0,"未填结果",IF(COUNTIF(流程步骤记录!G276:G285,"通过")=10,IF(COUNTBLANK(流程步骤记录!H276:L285)>0,"待补证据","通过"),IF(COUNTIF(流程步骤记录!G276:G285,"还没测")=10,"还没测","进行中"))))) -> 暂时测不了 | H33: Codex | I33: 46293 | J33: 第八轮：未完成整项。已实测RADAR/TDOA双源及掉线样本，尚无融合箱/5G-A/TDOA三路完整同批来源及补传链。 证据：第八轮报告；r8-current-preconditions.json；r8-frozen-final-summary.json
A34: F29 | B34: 雷达光电与授权处置 | C34: M1 | D34: 雷达发现、任务式光电跟踪、人工授权、两段设备动作、证据关联。 | E34: 跟踪与授权各有依据，两段回执可追溯，画面和证据不串目标。 | F34: 第八轮：分支证据见J列；未完成整链 | G34: =IF(COUNTIF(流程步骤记录!G286:G295,"有问题")>0,"有问题",IF(COUNTIF(流程步骤记录!G286:G295,"暂时测不了")>0,"暂时测不了",IF(COUNTBLANK(流程步骤记录!G286:G295)>0,"未填结果",IF(COUNTIF(流程步骤记录!G286:G295,"通过")=10,IF(COUNTBLANK(流程步骤记录!H286:L295)>0,"待补证据","通过"),IF(COUNTIF(流程步骤记录!G286:G295,"还没测")=10,"还没测","进行中"))))) -> 暂时测不了 | H34: Codex | I34: 46293 | J34: 第八轮：未完成整项。缺可用反制/干扰测试设备受理及最终回执，自动授权依据仍待确认；既有隔离回归不能替代此现场完整流程。 缺光电跟踪和视频回执。 证据：第八轮报告；r8-current-preconditions.json；r8-frozen-final-summary.json
A35: F30 | B35: 未反制事件的人工交接 | C35: 手动交接 | D35: 已核实事件没有反制记录，也不满足自动干扰完成分支；验证人工交接的实际入口和结果。 | E35: 按当前权限和业务条件办理；前台缺入口要记录，不能用接口联验替代前台通过。 | F35: 第八轮：分支证据见J列；未完成整链 | G35: =IF(COUNTIF(流程步骤记录!G296:G305,"有问题")>0,"有问题",IF(COUNTIF(流程步骤记录!G296:G305,"暂时测不了")>0,"暂时测不了",IF(COUNTBLANK(流程步骤记录!G296:G305)>0,"未填结果",IF(COUNTIF(流程步骤记录!G296:G305,"通过")=10,IF(COUNTBLANK(流程步骤记录!H296:L305)>0,"待补证据","通过"),IF(COUNTIF(流程步骤记录!G296:G305,"还没测")=10,"还没测","进行中"))))) -> 暂时测不了 | H35: Codex | I35: 46293 | J35: 第八轮部分验证，整项未完成：人工交接前提接口已到接收方校验，无反制不是拒绝原因；现无有效处罚接收方，创建返回409且未投递，不能把接口前置检查作为完整前台流程通过。 证据：r8-handoff-recipients.json；r8-api-evidence.jsonl
A36: F31 | B36: 设备接入到前台感知 | C36: 测试TCP设备 | D36: 登记测试雷达，完成调测并发送目标，核对前后台同源。 | E36: 台账、协议任务、原始样本、目标及状态可对应；调测不冒充现场验收。 | F36: 第八轮：分支证据见J列；未完成整链 | G36: =IF(COUNTIF(流程步骤记录!G306:G315,"有问题")>0,"有问题",IF(COUNTIF(流程步骤记录!G306:G315,"暂时测不了")>0,"暂时测不了",IF(COUNTBLANK(流程步骤记录!G306:G315)>0,"未填结果",IF(COUNTIF(流程步骤记录!G306:G315,"通过")=10,IF(COUNTBLANK(流程步骤记录!H306:L315)>0,"待补证据","通过"),IF(COUNTIF(流程步骤记录!G306:G315,"还没测")=10,"还没测","进行中"))))) -> 暂时测不了 | H36: Codex | I36: 46293 | J36: 第八轮：未完成整项。缺独立健康GOOD的恢复样本或所需TCP/光电协议测试回执；MQTT在线和UNKNOWN不能冒充健康恢复。 证据：第八轮报告；r8-current-preconditions.json；r8-frozen-final-summary.json
A37: F32 | B37: MQTT掉线与连接恢复 | C37: MQTT主动上报 | D37: 有效工参上报、超时离线、事件去重、新心跳及恢复核验。 | E37: 连接恢复与整体健康、维护完成分开证明。 | F37: 第八轮：分支证据见J列；未完成整链 | G37: =IF(COUNTIF(流程步骤记录!G316:G325,"有问题")>0,"有问题",IF(COUNTIF(流程步骤记录!G316:G325,"暂时测不了")>0,"暂时测不了",IF(COUNTBLANK(流程步骤记录!G316:G325)>0,"未填结果",IF(COUNTIF(流程步骤记录!G316:G325,"通过")=10,IF(COUNTBLANK(流程步骤记录!H316:L325)>0,"待补证据","通过"),IF(COUNTIF(流程步骤记录!G316:G325,"还没测")=10,"还没测","进行中"))))) -> 暂时测不了 | H37: Codex | I37: 46293 | J37: 第八轮：未完成整项。缺独立健康GOOD的恢复样本或所需TCP/光电协议测试回执；MQTT在线和UNKNOWN不能冒充健康恢复。 证据：第八轮报告；r8-current-preconditions.json；r8-frozen-final-summary.json
A38: F33 | B38: 前台报修到后台完成 | C38: 维护正向闭环 | D38: 前台发现设备异常，后台处理、核验、完成，再回前台确认。 | E38: 同一设备同一事项走通；恢复核验有事实，不以通知或填说明办结。 | F38: 第八轮：分支证据见J列；未完成整链 | G38: =IF(COUNTIF(流程步骤记录!G326:G335,"有问题")>0,"有问题",IF(COUNTIF(流程步骤记录!G326:G335,"暂时测不了")>0,"暂时测不了",IF(COUNTBLANK(流程步骤记录!G326:G335)>0,"未填结果",IF(COUNTIF(流程步骤记录!G326:G335,"通过")=10,IF(COUNTBLANK(流程步骤记录!H326:L335)>0,"待补证据","通过"),IF(COUNTIF(流程步骤记录!G326:G335,"还没测")=10,"还没测","进行中"))))) -> 暂时测不了 | H38: Codex | I38: 46293 | J38: 第八轮：未完成整项。缺独立健康GOOD的恢复样本或所需TCP/光电协议测试回执；MQTT在线和UNKNOWN不能冒充健康恢复。 证据：第八轮报告；r8-current-preconditions.json；r8-frozen-final-summary.json
A39: F34 | B39: 核验失败后重新处理 | C39: 维护异常闭环 | D39: 制造未知、旧状态或再次异常，走失败、恢复处理、再次核验。 | E39: 不凭一次旧PASS办结；旧核验历史保留，恢复后新一轮完成。 | F39: 第八轮：分支证据见J列；未完成整链 | G39: =IF(COUNTIF(流程步骤记录!G336:G345,"有问题")>0,"有问题",IF(COUNTIF(流程步骤记录!G336:G345,"暂时测不了")>0,"暂时测不了",IF(COUNTBLANK(流程步骤记录!G336:G345)>0,"未填结果",IF(COUNTIF(流程步骤记录!G336:G345,"通过")=10,IF(COUNTBLANK(流程步骤记录!H336:L345)>0,"待补证据","通过"),IF(COUNTIF(流程步骤记录!G336:G345,"还没测")=10,"还没测","进行中"))))) -> 暂时测不了 | H39: Codex | I39: 46293 | J39: 第八轮：未完成整项。缺独立健康GOOD的恢复样本或所需TCP/光电协议测试回执；MQTT在线和UNKNOWN不能冒充健康恢复。 证据：第八轮报告；r8-current-preconditions.json；r8-frozen-final-summary.json
A40: F35 | B40: 并发处理与断网重试 | C40: 权限与幂等 | D40: 两个运维人员抢同一任务，提交响应丢失后回查，再撤权验证。 | E40: 状态只推进一次，旧版本不覆盖，重放仍检查当前权限。 | F40: 第八轮：分支证据见J列；未完成整链 | G40: =IF(COUNTIF(流程步骤记录!G346:G355,"有问题")>0,"有问题",IF(COUNTIF(流程步骤记录!G346:G355,"暂时测不了")>0,"暂时测不了",IF(COUNTBLANK(流程步骤记录!G346:G355)>0,"未填结果",IF(COUNTIF(流程步骤记录!G346:G355,"通过")=10,IF(COUNTBLANK(流程步骤记录!H346:L355)>0,"待补证据","通过"),IF(COUNTIF(流程步骤记录!G346:G355,"还没测")=10,"还没测","进行中"))))) -> 暂时测不了 | H40: Codex | I40: 46293 | J40: 第八轮部分验证，整项未完成：两账号抢同一QA维护任务：操作员200、管理员409，1条START，处理人唯一；只读维护写403且无变更。告警响应丢失后回查已另测通过，但不能代替同一维护任务的断网/撤权全流程。 证据：r8-maintenance-concurrency.json；r8-maintenance-readonly.json；r8-response-lost-history.json
A41: F36 | B41: 设备退役与历史保留 | C41: 专用可弃设备 | D41: 从忙碌删除拒绝，到停用空闲后逻辑删除，再查前后台与历史。 | E41: 当前列表清理、旧业务证据保留，设备身份不可重新占用。 | F41: 第八轮：分支证据见J列；未完成整链 | G41: =IF(COUNTIF(流程步骤记录!G356:G365,"有问题")>0,"有问题",IF(COUNTIF(流程步骤记录!G356:G365,"暂时测不了")>0,"暂时测不了",IF(COUNTBLANK(流程步骤记录!G356:G365)>0,"未填结果",IF(COUNTIF(流程步骤记录!G356:G365,"通过")=10,IF(COUNTBLANK(流程步骤记录!H356:L365)>0,"待补证据","通过"),IF(COUNTIF(流程步骤记录!G356:G365,"还没测")=10,"还没测","进行中"))))) -> 有问题 | H41: Codex | I41: 46293 | J41: 第八轮：启用设备删除拒绝、空闲停用后删除和详情隐藏已执行；身份复用被数据库挡住但返回500而非业务说明。执行中设备分支仅隔离回归支持，不能算完整闭环通过。 证据：r8-device-lifecycle-api.json

Sheet 流程步骤记录
A2: 完整流程逐步记录
A3: 共360个步骤。每条流程使用同一可追溯批次；全部步骤通过且H至L记录齐全，才计为流程通过。
A4: 每步填写实际结果、执行人、日期、证据位置及目标/事件编号；准备和收尾步骤可填批次编号。多子批次逐一列出，不用一个通过代替。
A5: 流程编号 | B5: 步骤 | C5: 测试阶段 | D5: 场景 | E5: 怎么做 | F5: 这一步应该看到什么 | G5: 本步结果 | H5: 实际结果及子批次 | I5: 测试人 | J5: 测试日期 | K5: 截图和证据位置 | L5: 目标或事件编号
A6: F01 | B6: 1 | C6: 后台配置与测试准备 | D6: 手动 / 手动 / 手动 | E6: 引擎开启并健康，按本组合逐类启停规则；保存回读版本、范围、时段、通道及授权依据。缺授权口径时记录暂时测不了。 | F6: 实际运行设置与本轮相符；模拟通道可用。无。按组合从头执行。 | G6: 暂时测不了 | H6: 第八轮：本流程本步尚未作为同一事件的完整链路验收。第八轮：未完成整项。缺可用反制/干扰测试设备受理及最终回执，自动授权依据仍待确认；既有隔离回归不能替代此现场完整流程。 缺核验飞手及可用短信/电话回执链，未建立满足本分支的独立事件；不伪造送达、播放完成或飞离。 实际处罚接收方列表为空，正式提交返回RECIPIENT_NOT_CONFIGURED；无法验证投递、签收及处罚决定闭环。 | I6: Codex | J6: 46293 | K6: 第八轮报告；r8-current-preconditions.json；r8-frozen-final-summary.json | L6: 仅引用本轮分支证据，不虚构整链批次
A7: F01 | B7: 2 | C7: 输入数据并识别目标 | D7: 手动 / 手动 / 手动 | E7: 启动新批次，通过获准入口输入计划和目标数据；记录唯一目标、计划和设备编号。 | F7: 能在融合感知查到同一目标，位置、时间和模拟标记正确；发送成功不代替平台已接收。 | G7: 暂时测不了 | H7: 第八轮：本流程本步尚未作为同一事件的完整链路验收。第八轮：未完成整项。缺可用反制/干扰测试设备受理及最终回执，自动授权依据仍待确认；既有隔离回归不能替代此现场完整流程。 缺核验飞手及可用短信/电话回执链，未建立满足本分支的独立事件；不伪造送达、播放完成或飞离。 实际处罚接收方列表为空，正式提交返回RECIPIENT_NOT_CONFIGURED；无法验证投递、签收及处罚决定闭环。 | I7: Codex | J7: 46293 | K7: 第八轮报告；r8-current-preconditions.json；r8-frozen-final-summary.json | L7: 仅引用本轮分支证据，不虚构整链批次
A8: F01 | B8: 3 | C8: 研判和告警关联 | D8: 手动 / 手动 / 手动 | E8: 打开计划、合法性研判和告警，核对同一目标、计划、研判和事件关系。 | F8: 主链准备明确违规且证据充分的事件；各页同一事实。若本轮是合法或误报分支，按该分支正确阻止后续。 | G8: 暂时测不了 | H8: 第八轮：本流程本步尚未作为同一事件的完整链路验收。第八轮：未完成整项。缺可用反制/干扰测试设备受理及最终回执，自动授权依据仍待确认；既有隔离回归不能替代此现场完整流程。 缺核验飞手及可用短信/电话回执链，未建立满足本分支的独立事件；不伪造送达、播放完成或飞离。 实际处罚接收方列表为空，正式提交返回RECIPIENT_NOT_CONFIGURED；无法验证投递、签收及处罚决定闭环。 | I8: Codex | J8: 46293 | K8: 第八轮报告；r8-current-preconditions.json；r8-frozen-final-summary.json | L8: 仅引用本轮分支证据，不虚构整链批次
A9: F01 | B9: 4 | C9: 核实告警 | D9: 手动 / 手动 / 手动 | E9: 用值班账号核实属实；提交前先观察系统是否等待人工。 | F9: 手动模式不自动核实；有权人员提交后记录真实操作人并进入后续阶段。 | G9: 暂时测不了 | H9: 第八轮：本流程本步尚未作为同一事件的完整链路验收。第八轮：未完成整项。缺可用反制/干扰测试设备受理及最终回执，自动授权依据仍待确认；既有隔离回归不能替代此现场完整流程。 缺核验飞手及可用短信/电话回执链，未建立满足本分支的独立事件；不伪造送达、播放完成或飞离。 实际处罚接收方列表为空，正式提交返回RECIPIENT_NOT_CONFIGURED；无法验证投递、签收及处罚决定闭环。 | I9: Codex | J9: 46293 | K9: 第八轮报告；r8-current-preconditions.json；r8-frozen-final-summary.json | L9: 仅引用本轮分支证据，不虚构整链批次
A10: F01 | B10: 5 | C10: 飞手通知和位置观察 | D10: 手动 / 手动 / 手动 | E10: 检查短信发送/送达、观察开始/结束、电话接通/播放与新位置；按本轮条件操作目标。 | F10: 主链持续在域时按已确认时长推进到待反制；短信、电话、飞离各凭自己的真实依据。 | G10: 暂时测不了 | H10: 第八轮：本流程本步尚未作为同一事件的完整链路验收。第八轮：未完成整项。缺可用反制/干扰测试设备受理及最终回执，自动授权依据仍待确认；既有隔离回归不能替代此现场完整流程。 缺核验飞手及可用短信/电话回执链，未建立满足本分支的独立事件；不伪造送达、播放完成或飞离。 实际处罚接收方列表为空，正式提交返回RECIPIENT_NOT_CONFIGURED；无法验证投递、签收及处罚决定闭环。 | I10: Codex | J10: 46293 | K10: 第八轮报告；r8-current-preconditions.json；r8-frozen-final-summary.json | L10: 仅引用本轮分支证据，不虚构整链批次
A11: F01 | B11: 6 | C11: 反制发起和授权 | D11: 手动 / 手动 / 手动 | E11: 等待人工接手，发起申请；换有权审批账号批准，再由执行账号操作测试设备。 | F11: 未人工办理不自动发起；审批、授权有效后才下发；人员权限与设备资格正确。 | G11: 暂时测不了 | H11: 第八轮：本流程本步尚未作为同一事件的完整链路验收。第八轮：未完成整项。缺可用反制/干扰测试设备受理及最终回执，自动授权依据仍待确认；既有隔离回归不能替代此现场完整流程。 缺核验飞手及可用短信/电话回执链，未建立满足本分支的独立事件；不伪造送达、播放完成或飞离。 实际处罚接收方列表为空，正式提交返回RECIPIENT_NOT_CONFIGURED；无法验证投递、签收及处罚决定闭环。 | I11: Codex | J11: 46293 | K11: 第八轮报告；r8-current-preconditions.json；r8-frozen-final-summary.json | L11: 仅引用本轮分支证据，不虚构整链批次
A12: F01 | B12: 7 | C12: 反制与干扰两段结果 | D12: 手动 / 手动 / 手动 | E12: 核对反制父授权、命令和实际回执；完成后核对干扰子授权、父子关系、第二条命令及回执。 | F12: 续链仍需当前证据、有效授权、范围、设备及急停检查。两段分别记结果；干扰失败不把反制完成抹掉，也不能冒充干扰完成。 | G12: 暂时测不了 | H12: 第八轮：本流程本步尚未作为同一事件的完整链路验收。第八轮：未完成整项。缺可用反制/干扰测试设备受理及最终回执，自动授权依据仍待确认；既有隔离回归不能替代此现场完整流程。 缺核验飞手及可用短信/电话回执链，未建立满足本分支的独立事件；不伪造送达、播放完成或飞离。 实际处罚接收方列表为空，正式提交返回RECIPIENT_NOT_CONFIGURED；无法验证投递、签收及处罚决定闭环。 | I12: Codex | J12: 46293 | K12: 第八轮报告；r8-current-preconditions.json；r8-frozen-final-summary.json | L12: 仅引用本轮分支证据，不虚构整链批次
A13: F01 | B13: 8 | C13: 移送送达签收与办理结果 | D13: 手动 / 手动 / 手动 | E13: 干扰完成后查冻结交接。自动通知组合等待规则通过后投递；手动组合在引擎开启且本类停用时由有权人员发送。分别查送达、签收和正式办理结果。 | F13: 通知方式符合配置。发送、送达、签收分开；有正式办理结果才展示，没有就明确尚无结果，不能强行显示处罚完成。 | G13: 暂时测不了 | H13: 第八轮：本流程本步尚未作为同一事件的完整链路验收。第八轮：未完成整项。缺可用反制/干扰测试设备受理及最终回执，自动授权依据仍待确认；既有隔离回归不能替代此现场完整流程。 缺核验飞手及可用短信/电话回执链，未建立满足本分支的独立事件；不伪造送达、播放完成或飞离。 实际处罚接收方列表为空，正式提交返回RECIPIENT_NOT_CONFIGURED；无法验证投递、签收及处罚决定闭环。 | I13: Codex | J13: 46293 | K13: 第八轮报告；r8-current-preconditions.json；r8-frozen-final-summary.json | L13: 仅引用本轮分支证据，不虚构整链批次
A14: F01 | B14: 9 | C14: 证据统计与跨页一致 | D14: 手动 / 手动 / 手动 | E14: 在证据、统计、告警、计划和移送页按同一事件核对。记录所有关联编号和重要时间。 | F14: 原始与冻结材料完整；事件、授权、命令、通知、交接能互相对应；统计按真实事实计数，不把签收当结案。 | G14: 暂时测不了 | H14: 第八轮：本流程本步尚未作为同一事件的完整链路验收。第八轮：未完成整项。缺可用反制/干扰测试设备受理及最终回执，自动授权依据仍待确认；既有隔离回归不能替代此现场完整流程。 缺核验飞手及可用短信/电话回执链，未建立满足本分支的独立事件；不伪造送达、播放完成或飞离。 实际处罚接收方列表为空，正式提交返回RECIPIENT_NOT_CONFIGURED；无法验证投递、签收及处罚决定闭环。 | I14: Codex | J14: 46293 | K14: 第八轮报告；r8-current-preconditions.json；r8-frozen-final-summary.json | L14: 仅引用本轮分支证据，不虚构整链批次
A15: F01 | B15: 10 | C15: 关闭页面与重登复查 | D15: 手动 / 手动 / 手动 | E15: 本轮适用的自动等待阶段关闭页面再打开；结束后刷新、退出重登。核对动作次数并停止模拟。 | F15: 自动办理不依赖页面打开；刷新重登不重复动作；最终结果稳定，历史保留，模拟任务已明确停止。 | G15: 暂时测不了 | H15: 第八轮：本流程本步尚未作为同一事件的完整链路验收。第八轮：未完成整项。缺可用反制/干扰测试设备受理及最终回执，自动授权依据仍待确认；既有隔离回归不能替代此现场完整流程。 缺核验飞手及可用短信/电话回执链，未建立满足本分支的独立事件；不伪造送达、播放完成或飞离。 实际处罚接收方列表为空，正式提交返回RECIPIENT_NOT_CONFIGURED；无法验证投递、签收及处罚决定闭环。 | I15: Codex | J15: 46293 | K15: 第八轮报告；r8-current-preconditions.json；r8-frozen-final-summary.json | L15: 仅引用本轮分支证据，不虚构整链批次
A16: F02 | B16: 1 | C16: 后台配置与测试准备 | D16: 手动 / 手动 / 自动 | E16: 引擎开启并健康，按本组合逐类启停规则；保存回读版本、范围、时段、通道及授权依据。缺授权口径时记录暂时测不了。 | F16: 实际运行设置与本轮相符；模拟通道可用。无。按组合从头执行。 | G16: 暂时测不了 | H16: 第八轮：本流程本步尚未作为同一事件的完整链路验收。第八轮：未完成整项。缺可用反制/干扰测试设备受理及最终回执，自动授权依据仍待确认；既有隔离回归不能替代此现场完整流程。 缺核验飞手及可用短信/电话回执链，未建立满足本分支的独立事件；不伪造送达、播放完成或飞离。 实际处罚接收方列表为空，正式提交返回RECIPIENT_NOT_CONFIGURED；无法验证投递、签收及处罚决定闭环。 | I16: Codex | J16: 46293 | K16: 第八轮报告；r8-current-preconditions.json；r8-frozen-final-summary.json | L16: 仅引用本轮分支证据，不虚构整链批次
A17: F02 | B17: 2 | C17: 输入数据并识别目标 | D17: 手动 / 手动 / 自动 | E17: 启动新批次，通过获准入口输入计划和目标数据；记录唯一目标、计划和设备编号。 | F17: 能在融合感知查到同一目标，位置、时间和模拟标记正确；发送成功不代替平台已接收。 | G17: 暂时测不了 | H17: 第八轮：本流程本步尚未作为同一事件的完整链路验收。第八轮：未完成整项。缺可用反制/干扰测试设备受理及最终回执，自动授权依据仍待确认；既有隔离回归不能替代此现场完整流程。 缺核验飞手及可用短信/电话回执链，未建立满足本分支的独立事件；不伪造送达、播放完成或飞离。 实际处罚接收方列表为空，正式提交返回RECIPIENT_NOT_CONFIGURED；无法验证投递、签收及处罚决定闭环。 | I17: Codex | J17: 46293 | K17: 第八轮报告；r8-current-preconditions.json；r8-frozen-final-summary.json | L17: 仅引用本轮分支证据，不虚构整链批次
... A315: F31 | B315: 10 | C315: 重登与收尾 | D315: 设备接入到前台感知 | E315: 重登回查报告和目标，结束模拟并核对状态变化。 | F315: 原报告保留，停止上报后状态按协议更新。 | G315: 暂时测不了 | H315: 第八轮：本流程本步尚未作为同一事件的完整链路验收。第八轮：未完成整项。缺独立健康GOOD的恢复样本或所需TCP/光电协议测试回执；MQTT在线和UNKNOWN不能冒充健康恢复。 | I315: Codex | J315: 46293 | K315: 第八轮报告；r8-current-preconditions.json；r8-frozen-final-summary.json | L315: 仅引用本轮分支证据，不虚构整链批次
A316: F32 | B316: 1 | C316: 准备通道 | D316: MQTT掉线与连接恢复 | E316: 准备同范围启用的测试MQTT接入通道及设备。 | F316: 记录协议和实际超时阈值。 | G316: 通过 | H316: 同范围已启用replay通道，LINGYUN_MQTT_V8_6，离线阈值30秒。 | I316: Codex（接口测试） | J316: 2026-09-27 | K316: 第三轮 device-lifecycle.json、device-actions.json、incident-recovered.json | L316: sim-0927184141-d977 / 529a027a-41bd-48bd-b13b-e5b3562d6e9a
A317: F32 | B317: 2 | C317: 接入并首报 | D317: MQTT掉线与连接恢复 | E317: 登记设备，发送有效工参和目标。 | F317: 设备有稳定内部ID；工参与目标时间分别记录。 | G317: 暂时测不了 | H317: 第八轮：本流程本步尚未作为同一事件的完整链路验收。第八轮：未完成整项。缺独立健康GOOD的恢复样本或所需TCP/光电协议测试回执；MQTT在线和UNKNOWN不能冒充健康恢复。 | I317: Codex | J317: 46293 | K317: 第八轮报告；r8-current-preconditions.json；r8-frozen-final-summary.json | L317: 仅引用本轮分支证据，不虚构整链批次
A318: F32 | B318: 3 | C318: 核对前后台在线 | D318: MQTT掉线与连接恢复 | E318: 查看后台状态和前台设备点。 | F318: 同设备同状态，订阅连接成功不替代工参。 | G318: 通过 | H318: 第五轮独立sim-0927195329-a584-1在前后台均可定位并显示在线，API同内部ID，未用MQTT订阅连接代替有效工参。 | I318: Codex | J318: 46292 | K318: 第五、六轮证据：monitor-online.txt；front-reloaded-devices.txt；device-lifecycle-r5.jsonl | L318: sim-0927195329-a584 / 873c6db9-694f-4e7b-bc9c-2c22ed3582b7
A319: F32 | B319: 4 | C319: 停止有效工参 | D319: MQTT掉线与连接恢复 | E319: 停设备上报，记录最后心跳时刻。 | F319: 按配置等待超时，不用暂停页面模拟设备离线。 | G319: 通过 | H319: 运行第35秒停止工参，上次有效心跳可查；第69秒已经OFFLINE。 | I319: Codex（接口测试） | J319: 2026-09-27 | K319: 第三轮 device-lifecycle.json、device-actions.json、incident-recovered.json | L319: sim-0927184141-d977 / 529a027a-41bd-48bd-b13b-e5b3562d6e9a
A320: F32 | B320: 5 | C320: 查看异常生成 | D320: MQTT掉线与连接恢复 | E320: 跨多个调度周期查离线事件。 | F320: 同类未恢复事件不重复；前台异常可见。 | G320: 暂时测不了 | H320: 第八轮：本流程本步尚未作为同一事件的完整链路验收。第八轮：未完成整项。缺独立健康GOOD的恢复样本或所需TCP/光电协议测试回执；MQTT在线和UNKNOWN不能冒充健康恢复。 | I320: Codex | J320: 46293 | K320: 第八轮报告；r8-current-preconditions.json；r8-frozen-final-summary.json | L320: 仅引用本轮分支证据，不虚构整链批次
A321: F32 | B321: 6 | C321: 检查不支持能力 | D321: MQTT掉线与连接恢复 | E321: 查看异常允许动作，尝试获准的恢复入口。 | F321: 不支持重启时说明原因，不造成功。 | G321: 通过 | H321: 重启返回409 REBOOT_NOT_SUPPORTED；离线恢复核验FAIL。 | I321: Codex（接口测试） | J321: 2026-09-27 | K321: 第三轮 device-lifecycle.json、device-actions.json、incident-recovered.json | L321: sim-0927184141-d977 / 529a027a-41bd-48bd-b13b-e5b3562d6e9a
A322: F32 | B322: 7 | C322: 恢复新心跳 | D322: MQTT掉线与连接恢复 | E322: 恢复报修/事件发生后的有效心跳。 | F322: 只能证明当前连接；旧或未来心跳不算。 | G322: 通过 | H322: 第115秒恢复上报，第118秒接口ONLINE且心跳为事件之后。 | I322: Codex（接口测试） | J322: 2026-09-27 | K322: 第三轮 device-lifecycle.json、device-actions.json、incident-recovered.json | L322: sim-0927184141-d977 / 529a027a-41bd-48bd-b13b-e5b3562d6e9a
A323: F32 | B323: 8 | C323: 核验异常恢复 | D323: MQTT掉线与连接恢复 | E323: 使用既有设备异常恢复核验接口或入口。 | F323: 事件按条件恢复；接口不顺便完成维护待办。 | G323: 通过 | H323: 恢复核验PASS，事件RECOVERED；同键重试结果一致，未完成任何维护待办。 | I323: Codex（接口测试） | J323: 2026-09-27 | K323: 第三轮 device-lifecycle.json、device-actions.json、incident-recovered.json | L323: sim-0927184141-d977 / 529a027a-41bd-48bd-b13b-e5b3562d6e9a
A324: F32 | B324: 9 | C324: 核对整体健康 | D324: MQTT掉线与连接恢复 | E324: 检查健康仍未知与已GOOD的独立样本。 | F324: 心跳恢复不让健康未知自动变GOOD。 | G324: 暂时测不了 | H324: 第八轮：本流程本步尚未作为同一事件的完整链路验收。第八轮：未完成整项。缺独立健康GOOD的恢复样本或所需TCP/光电协议测试回执；MQTT在线和UNKNOWN不能冒充健康恢复。 | I324: Codex | J324: 46293 | K324: 第八轮报告；r8-current-preconditions.json；r8-frozen-final-summary.json | L324: 仅引用本轮分支证据，不虚构整链批次
A325: F32 | B325: 10 | C325: 前台及历史复查 | D325: MQTT掉线与连接恢复 | E325: 回前台、后台事件历史，结束模拟。 | F325: 当前异常按事实变化；历史事件和通知仍可查。 | G325: 暂时测不了 | H325: 第八轮：本流程本步尚未作为同一事件的完整链路验收。第八轮：未完成整项。缺独立健康GOOD的恢复样本或所需TCP/光电协议测试回执；MQTT在线和UNKNOWN不能冒充健康恢复。 | I325: Codex | J325: 46293 | K325: 第八轮报告；r8-current-preconditions.json；r8-frozen-final-summary.json | L325: 仅引用本轮分支证据，不虚构整链批次
A326: F33 | B326: 1 | C326: 准备计划与异常设备 | D326: 前台报修到后台完成 | E326: 准备到起飞时间仍未见目标的计划和确有异常的关联设备。 | F326: 分清可能未起飞与设备异常，不误报。 | G326: 暂时测不了 | H326: 第八轮：本流程本步尚未作为同一事件的完整链路验收。第八轮：未完成整项。缺独立健康GOOD的恢复样本或所需TCP/光电协议测试回执；MQTT在线和UNKNOWN不能冒充健康恢复。 | I326: Codex | J326: 46293 | K326: 第八轮报告；r8-current-preconditions.json；r8-frozen-final-summary.json | L326: 仅引用本轮分支证据，不虚构整链批次
A327: F33 | B327: 2 | C327: 前台通知运维 | D327: 前台报修到后台完成 | E327: 由有权账号发起设备异常通知并记源事项ID。 | F327: 后台生成对应待办；重复点击不重复建。 | G327: 暂时测不了 | H327: 第八轮：本流程本步尚未作为同一事件的完整链路验收。第八轮：未完成整项。缺独立健康GOOD的恢复样本或所需TCP/光电协议测试回执；MQTT在线和UNKNOWN不能冒充健康恢复。 | I327: Codex | J327: 46293 | K327: 第八轮报告；r8-current-preconditions.json；r8-frozen-final-summary.json | L327: 仅引用本轮分支证据，不虚构整链批次
A328: F33 | B328: 3 | C328: 后台接收待办 | D328: 前台报修到后台完成 | E328: 查看消息、上报详情和通知投递历史。 | F328: 同一设备、原因、来源和接收对象；已读不算完成。 | G328: 暂时测不了 | H328: 第八轮：本流程本步尚未作为同一事件的完整链路验收。第八轮：未完成整项。缺独立健康GOOD的恢复样本或所需TCP/光电协议测试回执；MQTT在线和UNKNOWN不能冒充健康恢复。 | I328: Codex | J328: 46293 | K328: 第八轮报告；r8-current-preconditions.json；r8-frozen-final-summary.json | L328: 仅引用本轮分支证据，不虚构整链批次
A329: F33 | B329: 4 | C329: 开始处理 | D329: 前台报修到后台完成 | E329: 进入接入调测中的维护工作流并开始处理。 | F329: 记录真实处理人，状态变处理中。 | G329: 通过 | H329: 接口START成功，真实账号超级管理员，PROCESSING版本2。并发另一次被409拒绝。 | I329: Codex（接口测试） | J329: 2026-09-27 | K329: 第四轮 api-checks.json、maintenance-concurrency.json、maintenance-final.json | L329: sim-0927184141-d977 / 任务5dc91f6a-bb67-4b1a-955b-10b7e0544aae
A330: F33 | B330: 5 | C330: 处理并记录进展 | D330: 前台报修到后台完成 | E330: 保存实际处理说明，必要时关联同设备已有调测。 | F330: 关联不自动启动；处理说明不等于修好。 | G330: 暂时测不了 | H330: 第八轮：本流程本步尚未作为同一事件的完整链路验收。第八轮：未完成整项。缺独立健康GOOD的恢复样本或所需TCP/光电协议测试回执；MQTT在线和UNKNOWN不能冒充健康恢复。 | I330: Codex | J330: 46293 | K330: 第八轮报告；r8-current-preconditions.json；r8-frozen-final-summary.json | L330: 仅引用本轮分支证据，不虚构整链批次
A331: F33 | B331: 6 | C331: 恢复设备实际状态 | D331: 前台报修到后台完成 | E331: 模拟修复，提供新鲜在线GOOD无告警状态，结束活动任务。 | F331: 状态及心跳均来自报修后，来源一致；无假写成功。 | G331: 暂时测不了 | H331: 第八轮：本流程本步尚未作为同一事件的完整链路验收。第八轮：未完成整项。缺独立健康GOOD的恢复样本或所需TCP/光电协议测试回执；MQTT在线和UNKNOWN不能冒充健康恢复。 | I331: Codex | J331: 46293 | K331: 第八轮报告；r8-current-preconditions.json；r8-frozen-final-summary.json | L331: 仅引用本轮分支证据，不虚构整链批次
A332: F33 | B332: 7 | C332: 核验设备异常 | D332: 前台报修到后台完成 | E332: 对未恢复异常逐一走原恢复核验流程。 | F332: 事件确实恢复；维护接口不代替关闭事件。 | G332: 暂时测不了 | H332: 第八轮：本流程本步尚未作为同一事件的完整链路验收。第八轮：未完成整项。缺独立健康GOOD的恢复样本或所需TCP/光电协议测试回执；MQTT在线和UNKNOWN不能冒充健康恢复。 | I332: Codex | J332: 46293 | K332: 第八轮报告；r8-current-preconditions.json；r8-frozen-final-summary.json | L332: 仅引用本轮分支证据，不虚构整链批次
A333: F33 | B333: 8 | C333: 提交并核验恢复 | D333: 前台报修到后台完成 | E333: 提交待核验，再执行恢复核验。 | F333: PASS后仍待核验，结果含检查时间及原因。 | G333: 暂时测不了 | H333: 第八轮：本流程本步尚未作为同一事件的完整链路验收。第八轮：未完成整项。缺独立健康GOOD的恢复样本或所需TCP/光电协议测试回执；MQTT在线和UNKNOWN不能冒充健康恢复。 | I333: Codex | J333: 46293 | K333: 第八轮报告；r8-current-preconditions.json；r8-frozen-final-summary.json | L333: 仅引用本轮分支证据，不虚构整链批次
A334: F33 | B334: 9 | C334: 确认完成 | D334: 前台报修到后台完成 | E334: 300秒有效窗口内填完成说明，系统重新核验。 | F334: 当前仍满足条件才COMPLETED，操作及审计保留。 | G334: 暂时测不了 | H334: 第八轮：本流程本步尚未作为同一事件的完整链路验收。第八轮：未完成整项。缺独立健康GOOD的恢复样本或所需TCP/光电协议测试回执；MQTT在线和UNKNOWN不能冒充健康恢复。 | I334: Codex | J334: 46293 | K334: 第八轮报告；r8-current-preconditions.json；r8-frozen-final-summary.json | L334: 仅引用本轮分支证据，不虚构整链批次
A335: F33 | B335: 10 | C335: 返回前台复核 | D335: 前台报修到后台完成 | E335: 重登并查原计划、设备点、通知和后台历史。 | F335: 设备恢复事实同步；计划起飞与否仍按真实目标判断。 | G335: 暂时测不了 | H335: 第八轮：本流程本步尚未作为同一事件的完整链路验收。第八轮：未完成整项。缺独立健康GOOD的恢复样本或所需TCP/光电协议测试回执；MQTT在线和UNKNOWN不能冒充健康恢复。 | I335: Codex | J335: 46293 | K335: 第八轮报告；r8-current-preconditions.json；r8-frozen-final-summary.json | L335: 仅引用本轮分支证据，不虚构整链批次
A336: F34 | B336: 1 | C336: 准备处理中待办 | D336: 核验失败后重新处理 | E336: 使用专用异常设备和处理中维护任务。 | F336: 记录同一设备、来源、报修时间及任务版本。 | G336: 通过 | H336: 本批维护任务已创建并处理，记录task_id、device_id、来源和报修时间。 | I336: Codex（接口测试） | J336: 2026-09-27 | K336: 第四轮 api-checks.json、maintenance-concurrency.json、maintenance-final.json | L336: sim-0927184141-d977 / 任务5dc91f6a-bb67-4b1a-955b-10b7e0544aae
A337: F34 | B337: 2 | C337: 提供不完整恢复信息 | D337: 核验失败后重新处理 | E337: 只恢复心跳，让健康保持未知。 | F337: 在线事实存在，但不能宣布设备整体健康。 | G337: 通过 | H337: 报修后向同一replay设备发送有效工参，状态ONLINE、health=UNKNOWN，未补造健康指标。 | I337: Codex（接口测试） | J337: 2026-09-27 | K337: 第四轮 api-checks.json、maintenance-concurrency.json、maintenance-final.json | L337: sim-0927184141-d977 / 任务5dc91f6a-bb67-4b1a-955b-10b7e0544aae
A338: F34 | B338: 3 | C338: 提交待核验 | D338: 核验失败后重新处理 | E338: 确保无活动任务，填写说明提交。 | F338: 状态待核验，未自动完成。 | G338: 通过 | H338: 接口SUBMIT_VERIFICATION进入PENDING_VERIFICATION版本4，没有自动完成。 | I338: Codex（接口测试） | J338: 2026-09-27 | K338: 第四轮 api-checks.json、maintenance-concurrency.json、maintenance-final.json | L338: sim-0927184141-d977 / 任务5dc91f6a-bb67-4b1a-955b-10b7e0544aae
A339: F34 | B339: 4 | C339: 执行恢复核验 | D339: 核验失败后重新处理 | E339: 对健康未知或旧状态进行核验。 | F339: 得到UNKNOWN/FAIL和具体原因，留在待核验。 | G339: 通过 | H339: 报修后无新鲜状态和心跳，VERIFY_RECOVERY结果UNKNOWN，仍待核验。 | I339: Codex（接口测试） | J339: 2026-09-27 | K339: 第四轮 api-checks.json、maintenance-concurrency.json、maintenance-final.json | L339: sim-0927184141-d977 / 任务5dc91f6a-bb67-4b1a-955b-10b7e0544aae
A340: F34 | B340: 5 | C340: 尝试完成 | D340: 核验失败后重新处理 | E340: 在未PASS时点击或接口尝试完成。 | F340: 拒绝办结，记录真实阻断。 | G340: 通过 | H340: 未PASS尝试COMPLETE，409 MAINTENANCE_RECOVERY_REQUIRED，未办结。 | I340: Codex（接口测试） | J340: 2026-09-27 | K340: 第四轮 api-checks.json、maintenance-concurrency.json、maintenance-final.json | L340: sim-0927184141-d977 / 任务5dc91f6a-bb67-4b1a-955b-10b7e0544aae
A341: F34 | B341: 6 | C341: 恢复处理 | D341: 核验失败后重新处理 | E341: 点击恢复处理并保存新进展。 | F341: 回到处理中，清当前摘要但保留旧事件。 | G341: 暂时测不了 | H341: 第八轮：本流程本步尚未作为同一事件的完整链路验收。第八轮：未完成整项。缺独立健康GOOD的恢复样本或所需TCP/光电协议测试回执；MQTT在线和UNKNOWN不能冒充健康恢复。 | I341: Codex | J341: 46293 | K341: 第八轮报告；r8-current-preconditions.json；r8-frozen-final-summary.json | L341: 仅引用本轮分支证据，不虚构整链批次
A342: F34 | B342: 7 | C342: 再次恢复并核验 | D342: 核验失败后重新处理 | E342: 补齐全部恢复条件，重新提交核验获得PASS。 | F342: 新轮次有独立检查时刻及有效依据。 | G342: 暂时测不了 | H342: 第八轮：本流程本步尚未作为同一事件的完整链路验收。第八轮：未完成整项。缺独立健康GOOD的恢复样本或所需TCP/光电协议测试回执；MQTT在线和UNKNOWN不能冒充健康恢复。 | I342: Codex | J342: 46293 | K342: 第八轮报告；r8-current-preconditions.json；r8-frozen-final-summary.json | L342: 仅引用本轮分支证据，不虚构整链批次
A343: F34 | B343: 8 | C343: 制造再次异常 | D343: 核验失败后重新处理 | E343: PASS后、完成前让设备再次故障。 | F343: 完成时重查并拒绝，旧PASS不能覆盖新异常。 | G343: 暂时测不了 | H343: 第八轮：本流程本步尚未作为同一事件的完整链路验收。第八轮：未完成整项。缺独立健康GOOD的恢复样本或所需TCP/光电协议测试回执；MQTT在线和UNKNOWN不能冒充健康恢复。 | I343: Codex | J343: 46293 | K343: 第八轮报告；r8-current-preconditions.json；r8-frozen-final-summary.json | L343: 仅引用本轮分支证据，不虚构整链批次
A344: F34 | B344: 9 | C344: 重做有效核验 | D344: 核验失败后重新处理 | E344: 修复后消除未恢复事件，重新核验并确认完成。 | F344: 只有当前符合且核验有效才完成。 | G344: 暂时测不了 | H344: 第八轮：本流程本步尚未作为同一事件的完整链路验收。第八轮：未完成整项。缺独立健康GOOD的恢复样本或所需TCP/光电协议测试回执；MQTT在线和UNKNOWN不能冒充健康恢复。 | I344: Codex | J344: 46293 | K344: 第八轮报告；r8-current-preconditions.json；r8-frozen-final-summary.json | L344: 仅引用本轮分支证据，不虚构整链批次
A345: F34 | B345: 10 | C345: 对照全历史 | D345: 核验失败后重新处理 | E345: 检查各轮进展、核验失败、PASS与完成记录。 | F345: 顺序可追溯，前台不曾把失败阶段显示成已修好。 | G345: 暂时测不了 | H345: 第八轮：本流程本步尚未作为同一事件的完整链路验收。第八轮：未完成整项。缺独立健康GOOD的恢复样本或所需TCP/光电协议测试回执；MQTT在线和UNKNOWN不能冒充健康恢复。 | I345: Codex | J345: 46293 | K345: 第八轮报告；r8-current-preconditions.json；r8-frozen-final-summary.json | L345: 仅引用本轮分支证据，不虚构整链批次
A346: F35 | B346: 1 | C346: 准备两名人员 | D346: 并发处理与断网重试 | E346: 甲乙账号均有同范围运维权限，打开同一待处理任务。 | F346: 页面版本相同且账号可区分。 | G346: 暂时测不了 | H346: 第八轮：本流程本步尚未作为同一事件的完整链路验收。第八轮部分验证，整项未完成：两账号抢同一QA维护任务：操作员200、管理员409，1条START，处理人唯一；只读维护写403且无变更。告警响应丢失后回查已另测通过，但不能代替同一维护任务的断网/撤权全流程。 | I346: Codex | J346: 46293 | K346: r8-maintenance-concurrency.json；r8-maintenance-readonly.json；r8-response-lost-history.json | L346: 仅引用本轮分支证据，不虚构整链批次
A347: F35 | B347: 2 | C347: 同时开始处理 | D347: 并发处理与断网重试 | E347: 两人几乎同时提交开始。 | F347: 只有一次有效开始，处理人真实。 | G347: 暂时测不了 | H347: 第八轮：本流程本步尚未作为同一事件的完整链路验收。第八轮部分验证，整项未完成：两账号抢同一QA维护任务：操作员200、管理员409，1条START，处理人唯一；只读维护写403且无变更。告警响应丢失后回查已另测通过，但不能代替同一维护任务的断网/撤权全流程。 | I347: Codex | J347: 46293 | K347: r8-maintenance-concurrency.json；r8-maintenance-readonly.json；r8-response-lost-history.json | L347: 仅引用本轮分支证据，不虚构整链批次
A348: F35 | B348: 3 | C348: 冲突后刷新 | D348: 并发处理与断网重试 | E348: 未成功者回查任务，不更换目标。 | F348: 看到最新阶段与版本，不覆盖他人操作。 | G348: 暂时测不了 | H348: 第八轮：本流程本步尚未作为同一事件的完整链路验收。第八轮部分验证，整项未完成：两账号抢同一QA维护任务：操作员200、管理员409，1条START，处理人唯一；只读维护写403且无变更。告警响应丢失后回查已另测通过，但不能代替同一维护任务的断网/撤权全流程。 | I348: Codex | J348: 46293 | K348: r8-maintenance-concurrency.json；r8-maintenance-readonly.json；r8-response-lost-history.json | L348: 仅引用本轮分支证据，不虚构整链批次
A349: F35 | B349: 4 | C349: 保存进展丢回复 | D349: 并发处理与断网重试 | E349: 提交有效进展后模拟响应丢失。 | F349: 页面保留待确认状态及原提交编号。 | G349: 暂时测不了 | H349: 第八轮：本流程本步尚未作为同一事件的完整链路验收。第八轮部分验证，整项未完成：两账号抢同一QA维护任务：操作员200、管理员409，1条START，处理人唯一；只读维护写403且无变更。告警响应丢失后回查已另测通过，但不能代替同一维护任务的断网/撤权全流程。 | I349: Codex | J349: 46293 | K349: r8-maintenance-concurrency.json；r8-maintenance-readonly.json；r8-response-lost-history.json | L349: 仅引用本轮分支证据，不虚构整链批次
A350: F35 | B350: 5 | C350: 恢复并查询 | D350: 并发处理与断网重试 | E350: 恢复网络，查询同任务当前事件。 | F350: 先查是否已办成，不直接再提交新动作。 | G350: 暂时测不了 | H350: 第八轮：本流程本步尚未作为同一事件的完整链路验收。第八轮部分验证，整项未完成：两账号抢同一QA维护任务：操作员200、管理员409，1条START，处理人唯一；只读维护写403且无变更。告警响应丢失后回查已另测通过，但不能代替同一维护任务的断网/撤权全流程。 | I350: Codex | J350: 46293 | K350: r8-maintenance-concurrency.json；r8-maintenance-readonly.json；r8-response-lost-history.json | L350: 仅引用本轮分支证据，不虚构整链批次
A351: F35 | B351: 6 | C351: 原请求重试 | D351: 并发处理与断网重试 | E351: 开发协助使用同键同内容重放。 | F351: 不新增重复事件，返回当前权限下最新工作流。 | G351: 暂时测不了 | H351: 第八轮：本流程本步尚未作为同一事件的完整链路验收。第八轮部分验证，整项未完成：两账号抢同一QA维护任务：操作员200、管理员409，1条START，处理人唯一；只读维护写403且无变更。告警响应丢失后回查已另测通过，但不能代替同一维护任务的断网/撤权全流程。 | I351: Codex | J351: 46293 | K351: r8-maintenance-concurrency.json；r8-maintenance-readonly.json；r8-response-lost-history.json | L351: 仅引用本轮分支证据，不虚构整链批次
A352: F35 | B352: 7 | C352: 同键不同内容 | D352: 并发处理与断网重试 | E352: 用相同提交编号提交另一内容。 | F352: 明确冲突，不执行第二个动作。 | G352: 暂时测不了 | H352: 第八轮：本流程本步尚未作为同一事件的完整链路验收。第八轮部分验证，整项未完成：两账号抢同一QA维护任务：操作员200、管理员409，1条START，处理人唯一；只读维护写403且无变更。告警响应丢失后回查已另测通过，但不能代替同一维护任务的断网/撤权全流程。 | I352: Codex | J352: 46293 | K352: r8-maintenance-concurrency.json；r8-maintenance-readonly.json；r8-response-lost-history.json | L352: 仅引用本轮分支证据，不虚构整链批次
... A365: F36 | B365: 10 | C365: 重登核对 | D365: 设备退役与历史保留 | E365: 前后台重登复查状态、数量及审计。 | F365: 结果稳定，历史和当前视图区分清楚。 | G365: 暂时测不了 | H365: 第八轮：本流程本步尚未作为同一事件的完整链路验收。第八轮：启用设备删除拒绝、空闲停用后删除和详情隐藏已执行；身份复用被数据库挡住但返回500而非业务说明。执行中设备分支仅隔离回归支持，不能算完整闭环通过。 | I365: Codex | J365: 46293 | K365: r8-device-lifecycle-api.json | L365: 仅引用本轮分支证据，不虚构整链批次

Sheet 审查结论
A2: 现有测试计划审查结论
A3: 2026年9月27日核对三份历史文档、现有计划与当前源码。12项问题中包含口径冲突和漏测，不等于已运行发现12个系统故障。
A4: 黄色列填写负责人和确认结果。自动模式仍在本轮范围；授权口径、短信时长等未确定时，相关正向测试不能宣布通过。
A5: 编号 | B5: 处理顺序 | C5: 问题性质 | D5: 说清楚是什么问题 | E5: 核对发现 | F5: 测试计划怎么改 | G5: 依据 | H5: 关联位置 | I5: 负责人 | J5: 确认意见或变更编号
A6: Q01 | B6: 必须先定 | C6: 授权口径冲突 | D6: 自动反制是否有可追溯的人为授权 | E6: 旧计划把规则通过后的自动反制当作正向通过。会议要求人在授权环节，当前代码用系统身份创建直接授权；不能仅凭代码存在就认定已满足业务授权。 | F6: 保留自动模式测试，但把授权人、授权范围、期限及允许自动执行的依据列为开测条件。缺依据时验证阻断，不能签正向通过。 | G6: 会议第1、5、15节；V1.1 第11章；AlarmRuleCounter、DirectDisposalAccess | H6: 自动手动组合；F03/F04/F07/F08；R01–R03
A7: Q02 | B7: 必须先改 | C7: 配置理解错误 | D7: 关闭规则引擎不等于切成手动 | E7: 当前处罚通知代码在引擎关闭时允许自动发送；前提是已完成干扰且满足交接条件。原表没有单独覆盖这条分支。 | F7: 8种组合均在引擎正常运行下，通过每类规则启停切换。另测引擎关闭后的实际行为，记录与预期的差异。 | G7: HandoffSubmissionService.automaticPunishmentSend；RuleManagementView | H7: 自动手动组合；R04–R07
A8: Q03 | B8: 必须先改 | C8: 主流程漏步骤 | D8: 反制完成后还会接续信号干扰 | E8: 原流程写成设备反制结果后直接移送。当前代码是反制完成后尝试接续干扰，干扰完成才触发自动交接。两次设备动作不能算成一次。 | F8: 分别记录反制授权和命令、干扰子授权和命令、两次回执及父子关系。续链前重新检查资格，急停和过期分支单测。 | G8: 会议第5、10节；DisposalReceiptSync、DisposalJammingChain | H8: F01–F08步骤7；R08–R11
A9: Q04 | B9: 必须先改 | C9: 流程条件混用 | D9: 人工处罚交接不必先完成反制 | E9: 当前人工交接接口只要求事件已核实且满足权限等条件，不把反制完成当作前置；自动建交接、自动发送、人工补发也不是同一个动作。 | F9: 增加未反制但已核实的交接路径；分别验建交接、发通知、送达、签收、办理结果。前台没有入口时记录缺口，接口成功不能代替前台通过。 | G9: HandoffRules；HandoffSubmissionService；PunishmentNotification | H9: F30；R12–R15
A10: Q05 | B10: 必须先定 | C10: 时间口径冲突 | D10: 短信观察3秒与10秒不一致 | E10: 前台项目约定短信观察10秒、电话后10秒；当前NotifyFlow写短信3秒、电话10秒。原表只说先确认，没有逐时间点判定。 | F10: 按已确认的10秒业务约定保留验收标准，记录当前3秒实现差异。要改为3秒需留下新确认，不得按代码自行放宽。 | G10: 前台AGENTS 2026-09-22；NotifyFlow 第7–8行；三个旧文档未规定本时长 | H10: 准备与流程；R16–R19
A11: Q06 | B11: 重要补齐 | C11: 业务主线覆盖不足 | D11: 鸟群和异物风险要单独走完 | E11: 已有鸟类不进入合法性页、风险核验和通知等检查，但没有以同一只鸟或同一群鸟从发现到通知、处置反馈、风险解除的独立流程。 | F11: 增加F27。无计划不应让鸟变成黑飞；收到通知不等于风险已解除。未知、识别中、算法推断分别留证。 | G11: 会议第3节及第12节六类场景；功能方案3.2；V1.1 2.3及7.2 | H11: F27；R20–R24
A12: Q07 | B12: 重要补齐 | C12: 融合验证太粗 | D12: 一条合并检查不足以验收三路融合 | E12: 已有同目标合并和相邻目标不误合并，但缺少稳定来源对应、单路掉线、只有雷达、时间乱序、恢复补传等分项记录。 | F12: 新增三路独立输入和降级恢复流程，按原始来源与统一目标对账；原始点、融合结果、预测段区分。精度指标由算法方确认。 | G12: 会议第2、4、9节；V1.1 第6章、13.2 | H12: F28；R25–R30
A13: Q08 | B13: 重要补齐 | C13: 历史版本取舍缺失 | D13: 不能照最早方案要求所有设备能力 | E13: 早期功能方案列ADS-B，V1.1明确不纳入；部分云台点动暂不支持；气球等类别可能来自算法，遥控器也不能算成第二架无人机。 | F13: 采用V1.1已明确的设备边界，新增来源标记、遥控器统计、任务式跟踪和不支持能力提示。若后来已支持，以新协议版本留证。 | G13: V1.1 P0505、P0929–P0931、P1798及目标类型章节 | H13: F29；R22–R24、R31–R33
A14: Q09 | B14: 重要补齐 | C14: 空间时间验收不够细 | D14: 高度基准与规则版本要分开测 | E14: 原计划只笼统检查地图位置和高度含义。当前后端已有AGL/AMSL同基准比较、版本和时间窗逻辑，需要可复现的边界数据。 | F14: 分别测真高与海拔高、缺基准、边界点、时间起止、版本切换及历史依据不漂移。只通过现有授权入口准备数据。 | G14: V1.1 3.4、7.4、8.5；CheckSupport、AirspaceCoverageCheck、AirspaceWriteService | H14: R34–R39；原AIR/SIM
A15: Q10 | B15: 重要补齐 | C15: 执行记录容易假完整 | D15: 多个子场景不能共用一个通过 | E15: F14–F18等把多个子批次合在一个结果里；原流程公式只数通过，没有检查实际结果、执行人、时间、证据及事件编号是否填写。 | F15: 补充单独子场景记录；全流程全部通过后还要检查每一步的证据字段。未跑的子批次不能由另一批次代替。 | G15: 现有Excel 全流程验收与流程步骤记录；前台AGENTS 批次留痕约定 | H15: F14–F18；R40–R45；流程结果公式
A16: Q11 | B16: 重要补齐 | C16: 性能验证范围不足 | D16: 页面快不代表整条链路及时 | E16: 已有页面20次p50/p95测量，缺少目标上报到前台显示、告警生成、设备受理、多人监视等链路测量；文档没有已确认的统一数值门槛。 | F16: 补采链路时间和负载，先确认用户数、目标数、频率及允许时延。未确认门槛只报测量结果，不能直接判性能达标。 | G16: V1.1 13.1；原NET-06 | H16: R46–R48
A17: Q12 | B17: 开测前记录 | C17: 验收版本和范围不清 | D17: 旧页面数量不能当当前验收目录 | E17: 会议14页、V1.1十个业务页面、当前前后台拆分属于不同版本。代码存在多处未提交改动，正在运行的服务不一定就是本次读到的源码。 | F17: 按当前入口和职责验前台，后台配合验证配置权限及审计；保存前后端版本、配置、模拟批次。旧功能是否恢复另作需求决定，不写成默认缺陷。 | G17: 会议第10节；V1.1第8章；前后台AGENTS与当前路由 | H17: 测试总览开测条件；全部流程
A19: 历史资料：《无人机融合感知平台_会议纪要_说人话版》2026-08-23；《系统设计方案_V1.1》；《无人机融合感知与低空飞行安全管理平台方案》。
A20: 采用顺序：用户本次要求与后续已确认约定优先；V1.1已明确修订的设备能力优先于早期方案；代码用于说明现状，不自动成为业务验收标准。
A21: 保留当前前后台分工、取消人工现场记录、设备回执为准、显式直接反制权限等约定。不因旧会议的页面数量而要求恢复旧页面。
A22: 本次未登录执行业务、未启停配置、未发送通知或设备指令。现有源码有未提交改动，运行服务版本及实际启用配置需由执行人员记录。
A23: 详细代码定位见同目录《前台测试计划审查说明-2026-09-27.md》。本表负责需求核对，执行结果仍填写原模块、流程及补充测试清单。

Sheet 补充测试清单
A2: 补充测试清单
A3: 新增48项，针对会议要求、当前分支和原表漏测补充。每行单独记录；R29等含对照输入的项目，实际记录须逐项写明输入与结果。
A4: H至L为黄色填写区。写通过后还需填写实际结果、批次、证据与关联编号、执行人和日期，M列才显示记录齐全。
A5: 编号 | B5: 问题编号 | C5: 模块 | D5: 优先顺序 | E5: 场景和准备条件 | F5: 怎么测 | G5: 怎样才算正常 | H5: 测试结果 | I5: 实际结果及批次 | J5: 证据位置及关联编号 | K5: 执行人 | L5: 执行日期 | M5: 记录检查
A6: R01 | B6: Q01 | C6: 授权 | D6: 必须先测 | E6: 规则自动反制缺少明确授权依据 引擎正常，规则满足，测试设备可用；授权依据尚未确认。 | F6: 记录系统生成的授权方式、发起人和依据，不启动真实设备。 留证：授权依据、系统授权记录、规则版本 | G6: 不能凭系统自建DIRECT就认定业务授权合格；确认前此正向验收项填暂时测不了。 | H6: 暂时测不了 | I6: 第八轮：未完成整项。缺可用反制/干扰测试设备受理及最终回执，自动授权依据仍待确认；既有隔离回归不能替代此现场完整流程。 实际处罚接收方列表为空，正式提交返回RECIPIENT_NOT_CONFIGURED；无法验证投递、签收及处罚决定闭环。 | J6: 第八轮报告；r8-current-preconditions.json；r8-frozen-final-summary.json | K6: Codex | L6: 46293 | M6: =IF(H6="通过",IF(COUNTBLANK(I6:L6)=0,"记录齐全","待补证据"),H6) -> 暂时测不了
A7: R02 | B7: Q01 | C7: 授权 | D7: 必须先测 | E7: 人工直接授权被撤销后排队下发 人工DIRECT仍排队，随后由管理员撤回显式权限。 | F7: 等待队列尝试下发，回查设备收令。 留证：撤权时刻、队列检查、设备命令 | G7: 撤权后不继续下发；已发指令保留事实；管理员身份不替代权限。 | H7: 暂时测不了 | I7: 第八轮：未完成整项。缺可用反制/干扰测试设备受理及最终回执，自动授权依据仍待确认；既有隔离回归不能替代此现场完整流程。 实际处罚接收方列表为空，正式提交返回RECIPIENT_NOT_CONFIGURED；无法验证投递、签收及处罚决定闭环。 | J7: 第八轮报告；r8-current-preconditions.json；r8-frozen-final-summary.json | K7: Codex | L7: 46293 | M7: =IF(H7="通过",IF(COUNTBLANK(I7:L7)=0,"记录齐全","待补证据"),H7) -> 暂时测不了
A8: R03 | B8: Q01 | C8: 授权 | D8: 必须先测 | E8: 系统自动身份与人员权限分开 分别准备自动规则发起与普通人员直接发起的同类测试事件。 | F8: 对照请求人、审批人、授权方式和审计。 留证：两批事件和授权、审计 | G8: 自动身份不伪装成人员审批；普通人员仍要求显式direct。系统身份的授权来源单独说明。 | H8: 暂时测不了 | I8: 第八轮：未完成整项。缺可用反制/干扰测试设备受理及最终回执，自动授权依据仍待确认；既有隔离回归不能替代此现场完整流程。 实际处罚接收方列表为空，正式提交返回RECIPIENT_NOT_CONFIGURED；无法验证投递、签收及处罚决定闭环。 | J8: 第八轮报告；r8-current-preconditions.json；r8-frozen-final-summary.json | K8: Codex | L8: 46293 | M8: =IF(H8="通过",IF(COUNTBLANK(I8:L8)=0,"记录齐全","待补证据"),H8) -> 暂时测不了
A9: R04 | B9: Q02 | C9: 配置 | D9: 必须先测 | E9: 引擎开启但某类没有启用规则 引擎健康；核实类别0条启用，其他类别保持固定。 | F9: 输入待核实事件并观察，再用有权账号核实。 留证：配置回读、运行状态、核实历史 | G9: 该类暂停自动处理；人工入口按权限可用。不得把0条规则当全部条件通过。 | H9: 暂时测不了 | I9: 第八轮：未完成整项。缺可用反制/干扰测试设备受理及最终回执，自动授权依据仍待确认；既有隔离回归不能替代此现场完整流程。 实际处罚接收方列表为空，正式提交返回RECIPIENT_NOT_CONFIGURED；无法验证投递、签收及处罚决定闭环。 | J9: 第八轮报告；r8-current-preconditions.json；r8-frozen-final-summary.json | K9: Codex | L9: 46293 | M9: =IF(H9="通过",IF(COUNTBLANK(I9:L9)=0,"记录齐全","待补证据"),H9) -> 暂时测不了
A10: R05 | B10: Q02 | C10: 配置 | D10: 必须先测 | E10: 引擎关闭后的处罚通知 测试事件已干扰完成，接收方唯一，模拟通知可用。 | F10: 关闭引擎后观察后台调度和模拟收件箱，不点发送。 留证：引擎配置、干扰回执、投递记录 | G10: 当前实现可能自动发通知；如本轮要求手动，应记配置语义问题，不能按手动组合通过。 | H10: 暂时测不了 | I10: 第八轮：未完成整项。缺可用反制/干扰测试设备受理及最终回执，自动授权依据仍待确认；既有隔离回归不能替代此现场完整流程。 实际处罚接收方列表为空，正式提交返回RECIPIENT_NOT_CONFIGURED；无法验证投递、签收及处罚决定闭环。 | J10: 第八轮报告；r8-current-preconditions.json；r8-frozen-final-summary.json | K10: Codex | L10: 46293 | M10: =IF(H10="通过",IF(COUNTBLANK(I10:L10)=0,"记录齐全","待补证据"),H10) -> 暂时测不了
A11: R06 | B11: Q02 | C11: 配置 | D11: 必须先测 | E11: 通知处罚规则全部停用 引擎开启且健康；已干扰完成；dispose无启用规则。 | F11: 查看交接和投递，再由有权人员点击通知。 留证：交接ID、等待原因、人工发送回执 | G11: 可以已有冻结交接，但自动投递等待规则；人工通知按权限执行一次。 | H11: 暂时测不了 | I11: 第八轮：未完成整项。缺可用反制/干扰测试设备受理及最终回执，自动授权依据仍待确认；既有隔离回归不能替代此现场完整流程。 实际处罚接收方列表为空，正式提交返回RECIPIENT_NOT_CONFIGURED；无法验证投递、签收及处罚决定闭环。 | J11: 第八轮报告；r8-current-preconditions.json；r8-frozen-final-summary.json | K11: Codex | L11: 46293 | M11: =IF(H11="通过",IF(COUNTBLANK(I11:L11)=0,"记录齐全","待补证据"),H11) -> 暂时测不了
A12: R07 | B12: Q02 | C12: 配置 | D12: 重要检查 | E12: 规则一条满足另一条不满足 同类别启用两条可独立控制的规则。 | F12: 先只满足一条，再持续满足两条。 留证：规则版本、逐条判定、触发时刻 | G12: 先不自动通过；全部满足且持续时间达标才通过，记录每条实际依据。 | H12: 暂时测不了 | I12: 第八轮：未完成整项。缺可用反制/干扰测试设备受理及最终回执，自动授权依据仍待确认；既有隔离回归不能替代此现场完整流程。 实际处罚接收方列表为空，正式提交返回RECIPIENT_NOT_CONFIGURED；无法验证投递、签收及处罚决定闭环。 | J12: 第八轮报告；r8-current-preconditions.json；r8-frozen-final-summary.json | K12: Codex | L12: 46293 | M12: =IF(H12="通过",IF(COUNTBLANK(I12:L12)=0,"记录齐全","待补证据"),H12) -> 暂时测不了
A13: R08 | B13: Q03 | C13: 设备链路 | D13: 必须先测 | E13: 反制完成后接续干扰 批准或明确授权的持续违规测试事件，测试设备可用。 | F13: 先确认反制回执，再观察干扰子授权、命令和回执。 留证：父子授权ID、两条命令及回执 | G13: 两次动作各有记录，父子授权可追溯；第二次不能套用第一次成功。 | H13: 暂时测不了 | I13: 第八轮：未完成整项。缺可用反制/干扰测试设备受理及最终回执，自动授权依据仍待确认；既有隔离回归不能替代此现场完整流程。 实际处罚接收方列表为空，正式提交返回RECIPIENT_NOT_CONFIGURED；无法验证投递、签收及处罚决定闭环。 | J13: 第八轮报告；r8-current-preconditions.json；r8-frozen-final-summary.json | K13: Codex | L13: 46293 | M13: =IF(H13="通过",IF(COUNTBLANK(I13:L13)=0,"记录齐全","待补证据"),H13) -> 暂时测不了
A14: R09 | B14: Q03 | C14: 设备链路 | D14: 必须先测 | E14: 反制完成但续链时依据失效 反制已回执，干扰续链前使有效观测过期。 | F14: 观察干扰是否仍被创建或下发。 留证：观测时间、阻断原因、设备收令 | G14: 旧观测不能支持新的干扰动作；反制已完成事实保留。 | H14: 暂时测不了 | I14: 第八轮：未完成整项。缺可用反制/干扰测试设备受理及最终回执，自动授权依据仍待确认；既有隔离回归不能替代此现场完整流程。 实际处罚接收方列表为空，正式提交返回RECIPIENT_NOT_CONFIGURED；无法验证投递、签收及处罚决定闭环。 | J14: 第八轮报告；r8-current-preconditions.json；r8-frozen-final-summary.json | K14: Codex | L14: 46293 | M14: =IF(H14="通过",IF(COUNTBLANK(I14:L14)=0,"记录齐全","待补证据"),H14) -> 暂时测不了
A15: R10 | B15: Q03 | C15: 设备链路 | D15: 必须先测 | E15: 直接授权到期后不能续链 DIRECT授权窗口将结束，干扰尚未发送。 | F15: 到期后让续链或队列检查运行。 留证：原有效期、检查时间、无新增指令证据 | G15: 不得延长原DIRECT窗口；未发送动作阻断，不伪造审批人。 | H15: 暂时测不了 | I15: 第八轮：未完成整项。缺可用反制/干扰测试设备受理及最终回执，自动授权依据仍待确认；既有隔离回归不能替代此现场完整流程。 实际处罚接收方列表为空，正式提交返回RECIPIENT_NOT_CONFIGURED；无法验证投递、签收及处罚决定闭环。 | J15: 第八轮报告；r8-current-preconditions.json；r8-frozen-final-summary.json | K15: Codex | L15: 46293 | M15: =IF(H15="通过",IF(COUNTBLANK(I15:L15)=0,"记录齐全","待补证据"),H15) -> 暂时测不了
A16: R11 | B16: Q03 | C16: 设备链路 | D16: 必须先测 | E16: 干扰失败不能算整链成功 反制成功，干扰测试设备返回失败或明确拒绝。 | F16: 查两段授权、告警详情和自动交接。 留证：两段结果、交接查询、设备日志 | G16: 反制成功与干扰失败分别显示；不能凭反制成功触发干扰完成分支。 | H16: 暂时测不了 | I16: 第八轮：未完成整项。缺可用反制/干扰测试设备受理及最终回执，自动授权依据仍待确认；既有隔离回归不能替代此现场完整流程。 实际处罚接收方列表为空，正式提交返回RECIPIENT_NOT_CONFIGURED；无法验证投递、签收及处罚决定闭环。 | J16: 第八轮报告；r8-current-preconditions.json；r8-frozen-final-summary.json | K16: Codex | L16: 46293 | M16: =IF(H16="通过",IF(COUNTBLANK(I16:L16)=0,"记录齐全","待补证据"),H16) -> 暂时测不了
A17: R12 | B17: Q04 | C17: 处罚交接 | D17: 必须先测 | E17: 未反制的属实事件人工交接 属实事件、可见范围、handoff:create及可用接收方齐全；没有反制记录。 | F17: 通过现有获准入口提交；若仅有接口由开发配合并记录前台入口缺口。 留证：事件、提交入口、交接及入口缺口 | G17: 服务端不以反制未完成为由拒绝；其他条件仍检查。接口通过不代替前台流程通过。 | H17: 暂时测不了 | I17: 第八轮部分验证，整项未完成：已核实且无反制记录的专用事件提交正式人工交接接口，未被“未完成反制”拒绝；实际阻断为RECIPIENT_NOT_CONFIGURED，当前处罚接收方列表为空。无法生成材料及验证前台成功闭环。 | J17: r8-handoff-recipients.json；r8-api-evidence.jsonl | K17: Codex | L17: 46293 | M17: =IF(H17="通过",IF(COUNTBLANK(I17:L17)=0,"记录齐全","待补证据"),H17) -> 暂时测不了
... A53: R48 | B53: Q11 | C53: 链路性能 | D53: 重要检查 | E53: 设备受理与完成的时延分别量 测试设备能返回受理及最终回执，关闭真实通道。 | F53: 测页面提交到受理、受理到执行结果、结果到页面更新。 留证：命令ID、三段时间、最终结果 | G53: 三段分别记录；受理快不能掩盖完成慢或没有最终回执。 | H53: 暂时测不了 | I53: 第八轮：未完成整项。缺可用反制/干扰测试设备受理及最终回执，自动授权依据仍待确认；既有隔离回归不能替代此现场完整流程。 实际处罚接收方列表为空，正式提交返回RECIPIENT_NOT_CONFIGURED；无法验证投递、签收及处罚决定闭环。 | J53: 第八轮报告；r8-current-preconditions.json；r8-frozen-final-summary.json | K53: Codex | L53: 46293 | M53: =IF(H53="通过",IF(COUNTBLANK(I53:L53)=0,"记录齐全","待补证据"),H53) -> 暂时测不了

Sheet 设备运维清单
A2: 后台设备运维测试清单
A3: 覆盖设备管理、实时监测、接入调测、维护工作流、站内消息及前后台联动。连接管理只测试设备接入所需部分，不扩大为全部后台验收。
A4: 64项检查，H至L列记录实际执行结果。第五轮新增页面验收；接口或自动测试局部通过不代表F31至F36完整流程通过。
A5: 编号 | B5: 测试模块 | C5: 优先顺序 | D5: 这次要测什么 | E5: 准备条件和怎么做 | F5: 怎样才算正常 | G5: 要留下的证据 | H5: 测试结果 | I5: 实际结果与批次 | J5: 证据位置与关联编号 | K5: 测试人 | L5: 测试日期 | M5: 记录检查
A6: OPS-01 | B6: 账号与范围 | C6: 必须先测 | D6: 三个运维页面按权限进入 | E6: 用有权、无菜单、无读取权限三类账号分别打开设备管理、实时监测、接入调测和直接地址。 | F6: 只进入获准页面；直接地址和接口也不能绕过。 | G6: 账号权限、页面及接口结果 | H6: 暂时测不了 | I6: 第八轮：未完成整项。浏览器12:04起返回User unavailable；恢复确认后重连仍失败，剩余页面交互无法执行。 | J6: 第八轮报告；r8-current-preconditions.json；r8-frozen-final-summary.json | K6: Codex | L6: 46293 | M6: =IF(H6="通过",IF(COUNTBLANK(I6:L6)=0,"记录齐全","待补证据"),H6) -> 暂时测不了
A7: OPS-02 | B7: 账号与范围 | C7: 必须先测 | D7: 只读账号不能操作 | E7: 只读账号尝试编辑、启停、删除、创建调测、开始处理和完成待办。 | F7: 可读资料但不能写入；不能只靠隐藏按钮保护。 | G7: 写操作拒绝结果、前后状态 | H7: 暂时测不了 | I7: 第八轮部分验证，整项未完成：只读账号对专用测试设备编辑、停用、删除、创建调测，四项正式接口均403且设备状态未变；维护开始/完成等分支仍依赖维护任务。 | J7: r8-device-lifecycle-api.json; r8-api-evidence.jsonl | K7: Codex | L7: 46293 | M7: =IF(H7="通过",IF(COUNTBLANK(I7:L7)=0,"记录齐全","待补证据"),H7) -> 暂时测不了
A8: OPS-03 | B8: 账号与范围 | C8: 必须先测 | D8: 设备操作与连接管理分权 | E8: 分别使用仅devices.op、另有interfaces.read、再有interfaces.op的账号。 | F8: 设备操作不自动获得接入配置管理；能看连接不等于能修改。 | G8: 三个账号与入口/操作对照 | H8: 暂时测不了 | I8: 第八轮：未完成整项。浏览器12:04起返回User unavailable；恢复确认后重连仍失败，剩余页面交互无法执行。 | J8: 第八轮报告；r8-current-preconditions.json；r8-frozen-final-summary.json | K8: Codex | L8: 46293 | M8: =IF(H8="通过",IF(COUNTBLANK(I8:L8)=0,"记录齐全","待补证据"),H8) -> 暂时测不了
A9: OPS-04 | B9: 账号与范围 | C9: 必须先测 | D9: 不能跨单位和区域 | E9: 甲范围账号查乙范围设备、状态、报告、维护任务及消息；开发协助直接访问接口。 | F9: 列表、详情、操作和未读数均不泄露范围外资料。 | G9: 范围映射、设备/任务ID、响应 | H9: 暂时测不了 | I9: 第八轮：未完成整项。浏览器12:04起返回User unavailable；恢复确认后重连仍失败，剩余页面交互无法执行。 | J9: 第八轮报告；r8-current-preconditions.json；r8-frozen-final-summary.json | K9: Codex | L9: 46293 | M9: =IF(H9="通过",IF(COUNTBLANK(I9:L9)=0,"记录齐全","待补证据"),H9) -> 暂时测不了
A10: OPS-05 | B10: 账号与范围 | C10: 必须先测 | D10: 操作中撤权或停用账号 | E10: 保持调测或维护页面打开，管理员撤权，再提交下一步。 | F10: 重新检查当前权限，不靠旧页面继续操作；不清除已有历史。 | G10: 撤权时间、拒绝结果、历史 | H10: 暂时测不了 | I10: 第八轮：未完成整项。浏览器12:04起返回User unavailable；恢复确认后重连仍失败，剩余页面交互无法执行。 | J10: 第八轮报告；r8-current-preconditions.json；r8-frozen-final-summary.json | K10: Codex | L10: 46293 | M10: =IF(H10="通过",IF(COUNTBLANK(I10:L10)=0,"记录齐全","待补证据"),H10) -> 暂时测不了
A11: OPS-06 | B11: 账号与范围 | C11: 重要检查 | D11: 敏感连接配置按权隐藏 | E11: 只有monitoring.read的账号查看设备信息，再用获准设备操作账号对照。 | F11: 无权者连接信息脱敏；错误日志和页面不显示密码或凭据值。 | G11: 字段脱敏对照、错误提示 | H11: 暂时测不了 | I11: 第八轮：未完成整项。浏览器12:04起返回User unavailable；恢复确认后重连仍失败，剩余页面交互无法执行。 | J11: 第八轮报告；r8-current-preconditions.json；r8-frozen-final-summary.json | K11: Codex | L11: 46293 | M11: =IF(H11="通过",IF(COUNTBLANK(I11:L11)=0,"记录齐全","待补证据"),H11) -> 暂时测不了
A12: OPS-07 | B12: 设备台账与接入 | C12: 必须先测 | D12: 统一接入设备入口 | E12: 从接入设备分别选择雷达、光电、反制和天气传感器类型。 | F12: 按类型展示已支持协议；天气不再要求另找入口。 | G12: 类型与协议选项截图 | H12: 通过 | I12: 统一接入入口依次切换雷达、光电、四通道反制、天气传感器，表单按设备类型展示协议与字段，天气也在该入口。 | J12: 第五、六轮证据：device-type-forms.json | K12: Codex | L12: 46292 | M12: =IF(H12="通过",IF(COUNTBLANK(I12:L12)=0,"记录齐全","待补证据"),H12) -> 记录齐全
A13: OPS-08 | B13: 设备台账与接入 | C13: 重要检查 | D13: 切类型或协议不带错参数 | E13: 填基本资料及协议参数后切换类型和协议。 | F13: 基本资料合理保留，专用参数清除；不把TCP地址带成MQTT身份。 | G13: 切换前后表单和提交字段 | H13: 通过 | I13: 接入草稿从TCP切换MQTT、天气再返回TCP，编号/名称/厂家保留；TCP地址未带入MQTT，返回TCP地址为空；未保存该草稿。 | J13: 第五、六轮证据：onboard-mqtt-switched.txt；onboard-switch-values.json | K13: Codex | L13: 46292 | M13: =IF(H13="通过",IF(COUNTBLANK(I13:L13)=0,"记录齐全","待补证据"),H13) -> 记录齐全
A14: OPS-09 | B14: 设备台账与接入 | C14: 必须先测 | D14: 保存接入配置不等于在线 | E14: 使用测试设备及有效参数登记，但不发送有效设备报文。 | F14: 台账保存可成功，在线状态仍依据真实连接和报文，不能直接显示健康在线。 | G14: 保存记录、状态、首报文时刻 | H14: 通过 | I14: 页面新建独立RADAR_TCP_V3_0_0设备QA0927R6-TCP-CLOSED，127.0.0.1:65431无监听；保存成功但OFFLINE/UNKNOWN且没有心跳，没有把建档成功当在线。 | J14: 第五、六轮证据：r6-tcp-saved.txt；r6-tcp-created.txt | K14: Codex | L14: 46292 | M14: =IF(H14="通过",IF(COUNTBLANK(I14:L14)=0,"记录齐全","待补证据"),H14) -> 记录齐全
A15: OPS-10 | B15: 设备台账与接入 | C15: 必须先测 | D15: 编号和外部身份重复 | E15: 用已占用设备编号或相同接入身份再次登记测试设备。 | F15: 明确冲突，不产生两份同身份档案；不覆盖原设备。 | G15: 两次请求和设备数量 | H15: 通过 | I15: 使用已有QA天气设备编号提交新档案，接口409 DEVICE_NO_CONFLICT。取消后按编号查询仅1条原档案，原名称、停用与待接入状态未覆盖。 | J15: 第五、六轮证据：onboard-duplicate-response.json；onboard-duplicate-readback.txt | K15: Codex | L15: 46292 | M15: =IF(H15="通过",IF(COUNTBLANK(I15:L15)=0,"记录齐全","待补证据"),H15) -> 记录齐全
A16: OPS-11 | B16: 设备台账与接入 | C16: 重要检查 | D16: 一个匹配接入通道 | E16: 同单位区域只有一条启用live通道，选择该范围。 | F16: 自动带入匹配通道；不能带入其他范围或停用通道。 | G16: 通道配置与表单 | H16: 暂时测不了 | I16: 第八轮：未完成整项。浏览器12:04起返回User unavailable；恢复确认后重连仍失败，剩余页面交互无法执行。 | J16: 第八轮报告；r8-current-preconditions.json；r8-frozen-final-summary.json | K16: Codex | L16: 46293 | M16: =IF(H16="通过",IF(COUNTBLANK(I16:L16)=0,"记录齐全","待补证据"),H16) -> 暂时测不了
A17: OPS-12 | B17: 设备台账与接入 | C17: 必须先测 | D17: 多个或没有匹配通道 | E17: 两组测试范围分别配置多个可用通道、没有可用通道。 | F17: 多个要求选择；没有则提示并阻止提交；不偷偷选replay通道。 | G17: 两组范围、选项、提交结果 | H17: 暂时测不了 | I17: 第八轮：未完成整项。浏览器12:04起返回User unavailable；恢复确认后重连仍失败，剩余页面交互无法执行。 | J17: 第八轮报告；r8-current-preconditions.json；r8-frozen-final-summary.json | K17: Codex | L17: 46293 | M17: =IF(H17="通过",IF(COUNTBLANK(I17:L17)=0,"记录齐全","待补证据"),H17) -> 暂时测不了
... A52: OPS-47 | B52: 维护工作流 | C52: 必须先测 | D52: 旧数据或未来数据不能恢复 | E52: 分别使用报修前状态、超过300秒状态、未来心跳。 | F52: 缺报修后新鲜可信依据，结果UNKNOWN；不允许完成。 | G52: 报修时间、状态/心跳时刻、原因 | H52: 暂时测不了 | I52: 第八轮：未完成整项。缺独立健康GOOD的恢复样本或所需TCP/光电协议测试回执；MQTT在线和UNKNOWN不能冒充健康恢复。 浏览器12:04起返回User unavailable；恢复确认后重连仍失败，剩余页面交互无法执行。 | J52: 第八轮报告；r8-current-preconditions.json；r8-frozen-final-summary.json | K52: Codex | L52: 46293 | M52: =IF(H52="通过",IF(COUNTBLANK(I52:L52)=0,"记录齐全","待补证据"),H52) -> 暂时测不了
A53: OPS-48 | B53: 维护工作流 | C53: 必须先测 | D53: 在线但健康未知不能恢复 | E53: 只恢复心跳，健康或有无告警字段缺失。 | F53: 核验UNKNOWN，不用在线代替整体健康。 | G53: 状态字段、核验结果 | H53: 通过 | I53: 向同一replay设备发送一条协议有效工参。报修后新鲜心跳、ONLINE、has_alarm=false，但health=UNKNOWN。维护核验返回UNKNOWN且明确说明整体健康未知；完成请求409。接口用例通过，未伪造健康GOOD。 | J53: 第四轮 fresh-unknown-health.json、api-checks.json、maintenance-final.json | K53: Codex（接口测试） | L53: 2026-09-27 | M53: =IF(H53="通过",IF(COUNTBLANK(I53:L53)=0,"记录齐全","待补证据"),H53) -> 记录齐全
A54: OPS-49 | B54: 维护工作流 | C54: 必须先测 | D54: 停用或仍异常不能恢复 | E54: 设备停用、离线、非GOOD或明确有告警，分别留子批次。 | F54: 相应核验失败并解释；不改成已完成。 | G54: 各批次状态及失败原因 | H54: 暂时测不了 | I54: 第八轮：未完成整项。缺独立健康GOOD的恢复样本或所需TCP/光电协议测试回执；MQTT在线和UNKNOWN不能冒充健康恢复。 浏览器12:04起返回User unavailable；恢复确认后重连仍失败，剩余页面交互无法执行。 | J54: 第八轮报告；r8-current-preconditions.json；r8-frozen-final-summary.json | K54: Codex | L54: 46293 | M54: =IF(H54="通过",IF(COUNTBLANK(I54:L54)=0,"记录齐全","待补证据"),H54) -> 暂时测不了
A55: OPS-50 | B55: 维护工作流 | C55: 必须先测 | D55: 来源改变不能冒充恢复 | E55: 报修后尝试把原设备数据换为不同source_mode或模拟标记。 | F55: 核验UNKNOWN，来源不一致不能用模拟结果证明真设备修好。 | G55: 报修来源快照、当前来源 | H55: 暂时测不了 | I55: 第八轮：未完成整项。缺独立健康GOOD的恢复样本或所需TCP/光电协议测试回执；MQTT在线和UNKNOWN不能冒充健康恢复。 浏览器12:04起返回User unavailable；恢复确认后重连仍失败，剩余页面交互无法执行。 | J55: 第八轮报告；r8-current-preconditions.json；r8-frozen-final-summary.json | K55: Codex | L55: 46293 | M55: =IF(H55="通过",IF(COUNTBLANK(I55:L55)=0,"记录齐全","待补证据"),H55) -> 暂时测不了
A56: OPS-51 | B56: 维护工作流 | C56: 必须先测 | D56: 核验通过后仍需确认完成 | E56: 新鲜在线GOOD无告警，无未恢复事件和活动工作，进行核验。 | F56: PASS后仍待恢复核验；填写完成说明、再次检查通过才完成。 | G56: PASS时间、完成事件、设备事实 | H56: 暂时测不了 | I56: 第八轮：未完成整项。缺独立健康GOOD的恢复样本或所需TCP/光电协议测试回执；MQTT在线和UNKNOWN不能冒充健康恢复。 浏览器12:04起返回User unavailable；恢复确认后重连仍失败，剩余页面交互无法执行。 | J56: 第八轮报告；r8-current-preconditions.json；r8-frozen-final-summary.json | K56: Codex | L56: 46293 | M56: =IF(H56="通过",IF(COUNTBLANK(I56:L56)=0,"记录齐全","待补证据"),H56) -> 暂时测不了
A57: OPS-52 | B57: 维护工作流 | C57: 必须先测 | D57: 核验通过超过5分钟再完成 | E57: 取得PASS后保持新鲜设备上报，但等原核验超过300秒再点完成。 | F57: 原PASS失效，要求重新核验；不能只看设备在线自动办结。 | G57: 原核验与提交时间、拒绝结果 | H57: 暂时测不了 | I57: 第八轮：未完成整项。缺独立健康GOOD的恢复样本或所需TCP/光电协议测试回执；MQTT在线和UNKNOWN不能冒充健康恢复。 浏览器12:04起返回User unavailable；恢复确认后重连仍失败，剩余页面交互无法执行。 | J57: 第八轮报告；r8-current-preconditions.json；r8-frozen-final-summary.json | K57: Codex | L57: 46293 | M57: =IF(H57="通过",IF(COUNTBLANK(I57:L57)=0,"记录齐全","待补证据"),H57) -> 暂时测不了
A58: OPS-53 | B58: 维护工作流 | C58: 必须先测 | D58: 核验后再坏不能完成 | E58: PASS后、完成前重新产生异常或停止有效上报。 | F58: 完成时重新检查并拒绝；旧PASS不能盖住当前问题。 | G58: 两次状态、完成拒绝 | H58: 暂时测不了 | I58: 第八轮：未完成整项。缺独立健康GOOD的恢复样本或所需TCP/光电协议测试回执；MQTT在线和UNKNOWN不能冒充健康恢复。 浏览器12:04起返回User unavailable；恢复确认后重连仍失败，剩余页面交互无法执行。 | J58: 第八轮报告；r8-current-preconditions.json；r8-frozen-final-summary.json | K58: Codex | L58: 46293 | M58: =IF(H58="通过",IF(COUNTBLANK(I58:L58)=0,"记录齐全","待补证据"),H58) -> 暂时测不了
A59: OPS-54 | B59: 维护工作流 | C59: 必须先测 | D59: 失败后恢复处理再核验 | E59: 待核验失败后点恢复处理，追加进展，再提交核验。 | F59: 回到处理中，当前核验摘要清除，旧失败事件保留；新一轮独立检查。 | G59: 各阶段版本与历史事件 | H59: 通过 | I59: 既有QA维护任务保留此前UNKNOWN和进展，本轮再次提交→核验UNKNOWN→继续处理，返回IN_PROGRESS且清除当前核验摘要，21:24/21:25/21:26新事件与旧历史独立保留。 | J59: 第五、六轮证据：r6-maintenance-retry-readback.txt；r6-maintenance-unknown.txt；r6-maintenance-resumed.txt | K59: Codex | L59: 46292 | M59: =IF(H59="通过",IF(COUNTBLANK(I59:L59)=0,"记录齐全","待补证据"),H59) -> 记录齐全
A60: OPS-55 | B60: 维护工作流 | C60: 必须先测 | D60: 重试和旧接口不能绕过流程 | E60: 同请求同键重复，再用同键不同内容及旧handling入口提交。 | F60: 同请求不重复事件且按当前权限返回最新状态；不同内容/旧接口拒绝。 | G60: 请求键、事件数、拒绝码 | H60: 通过 | I60: START同键重放返回当前PROCESSING版本3及原2条事件；同键改进展说明409 KEY_REUSED；旧handling返回409 WORKFLOW_REQUIRED。当前授权账号下的接口用例通过。 | J60: 第四轮 api-checks.json、maintenance-concurrency.json、maintenance-final.json、assertions.json | K60: Codex（接口测试） | L60: 2026-09-27 | M60: =IF(H60="通过",IF(COUNTBLANK(I60:L60)=0,"记录齐全","待补证据"),H60) -> 记录齐全
A61: OPS-56 | B61: 维护工作流 | C61: 重要检查 | D61: 完成与历史反馈分别展示 | E61: 查看COMPLETED、LEGACY_HANDLED及各处理中阶段，组合状态筛选。 | F61: 历史已反馈不补造恢复PASS；完成及历史只读；未完成覆盖处理中/待核验且总数一致。 | G61: 状态、筛选总数、历史核验 | H61: 暂时测不了 | I61: 第八轮：未完成整项。缺独立健康GOOD的恢复样本或所需TCP/光电协议测试回执；MQTT在线和UNKNOWN不能冒充健康恢复。 浏览器12:04起返回User unavailable；恢复确认后重连仍失败，剩余页面交互无法执行。 | J61: 第八轮报告；r8-current-preconditions.json；r8-frozen-final-summary.json | K61: Codex | L61: 46293 | M61: =IF(H61="通过",IF(COUNTBLANK(I61:L61)=0,"记录齐全","待补证据"),H61) -> 暂时测不了
A62: OPS-57 | B62: 站内消息与通知 | C62: 必须先测 | D62: 读取消息不等于标已读 | E62: 打开消息列表、刷新分页，另一页面查看未读数和任务。 | F62: GET不改变已读、任务状态、版本及通知回执。 | G62: 读取前后时间与未读数 | H62: 通过 | I62: 第八轮：正式API反复GET未改变任何已读时间、未读数或任务版本；第二操作员标记本轮专用任务已读后重复提交仍保留同一首次时间，管理员消息不变，任务仍PROCESSING版本13。 | J62: r8-message-read-isolation.json；r8-maintenance-readonly.json | K62: Codex | L62: 46293 | M62: =IF(H62="通过",IF(COUNTBLANK(I62:L62)=0,"记录齐全","待补证据"),H62) -> 记录齐全
A63: OPS-58 | B63: 站内消息与通知 | C63: 必须先测 | D63: 各账号已读互不影响 | E63: 甲标记已读，再重复标记，乙账号查看同任务。 | F63: 甲保留第一次已读时间；乙仍按自身已读状态；任务未因此完成。 | G63: 两账号已读时间、任务状态 | H63: 通过 | I63: 第八轮：正式API反复GET未改变任何已读时间、未读数或任务版本；第二操作员标记本轮专用任务已读后重复提交仍保留同一首次时间，管理员消息不变，任务仍PROCESSING版本13。 | J63: r8-message-read-isolation.json；r8-maintenance-readonly.json | K63: Codex | L63: 46293 | M63: =IF(H63="通过",IF(COUNTBLANK(I63:L63)=0,"记录齐全","待补证据"),H63) -> 记录齐全
A64: OPS-59 | B64: 站内消息与通知 | C64: 重要检查 | D64: 消息定位到同一设备待办 | E64: 点击可见维护消息进入接入调测，再返回列表。 | F64: 定位同任务同设备；设备已删或权限改变时说明原因，不换成别的设备。 | G64: 消息、路由、任务及设备ID | H64: 暂时测不了 | I64: 第八轮：未完成整项。浏览器12:04起返回User unavailable；恢复确认后重连仍失败，剩余页面交互无法执行。 | J64: 第八轮报告；r8-current-preconditions.json；r8-frozen-final-summary.json | K64: Codex | L64: 46293 | M64: =IF(H64="通过",IF(COUNTBLANK(I64:L64)=0,"记录齐全","待补证据"),H64) -> 暂时测不了
A65: OPS-60 | B65: 站内消息与通知 | C65: 必须先测 | D65: 通知状态及历史送达不混淆 | E65: 准备未发送、结果未知、提交、送达、失败及迟到回执记录。 | F65: 状态分别显示；后一次失败不抹掉先前送达，模拟不冒充真实送达。 | G65: 通知快照、每次投递和回执 | H65: 暂时测不了 | I65: 第八轮：未完成整项。浏览器12:04起返回User unavailable；恢复确认后重连仍失败，剩余页面交互无法执行。 | J65: 第八轮报告；r8-current-preconditions.json；r8-frozen-final-summary.json | K65: Codex | L65: 46293 | M65: =IF(H65="通过",IF(COUNTBLANK(I65:L65)=0,"记录齐全","待补证据"),H65) -> 暂时测不了
A66: OPS-61 | B66: 前后台一致与恢复 | C66: 必须先测 | D66: 后台修好后前台同步 | E66: 按F33完成后台恢复，回到原飞行计划、设备点和异常记录。 | F66: 按同设备当前事实更新；历史报修和通知保留，修好不等于无人机已经起飞。 | G66: 同设备前后台状态与时间 | H66: 暂时测不了 | I66: 第八轮：未完成整项。浏览器12:04起返回User unavailable；恢复确认后重连仍失败，剩余页面交互无法执行。 | J66: 第八轮报告；r8-current-preconditions.json；r8-frozen-final-summary.json | K66: Codex | L66: 46293 | M66: =IF(H66="通过",IF(COUNTBLANK(I66:L66)=0,"记录齐全","待补证据"),H66) -> 暂时测不了
A67: OPS-62 | B67: 前后台一致与恢复 | C67: 必须先测 | D67: 保存时断网先查结果 | E67: 在开始、提交核验、完成等提交后模拟响应丢失，再恢复。 | F67: 先回查原请求和当前版本，不重复推进或凭页面超时当失败。 | G67: 请求键、状态、事件条数 | H67: 暂时测不了 | I67: 第八轮：未完成整项。浏览器12:04起返回User unavailable；恢复确认后重连仍失败，剩余页面交互无法执行。 | J67: 第八轮报告；r8-current-preconditions.json；r8-frozen-final-summary.json | K67: Codex | L67: 46293 | M67: =IF(H67="通过",IF(COUNTBLANK(I67:L67)=0,"记录齐全","待补证据"),H67) -> 暂时测不了
A68: OPS-63 | B68: 前后台一致与恢复 | C68: 重要检查 | D68: 离开页面及服务恢复 | E68: 调测/维护进行中关闭页面，测试环境服务恢复后重新登录。 | F68: 查询持久状态和原任务，不重复创建；未取得设备结果仍显示未知/处理中。 | G68: 任务ID、恢复前后事件、状态 | H68: 暂时测不了 | I68: 第八轮：未完成整项。浏览器12:04起返回User unavailable；恢复确认后重连仍失败，剩余页面交互无法执行。 | J68: 第八轮报告；r8-current-preconditions.json；r8-frozen-final-summary.json | K68: Codex | L68: 46293 | M68: =IF(H68="通过",IF(COUNTBLANK(I68:L68)=0,"记录齐全","待补证据"),H68) -> 暂时测不了
A69: OPS-64 | B69: 前后台一致与恢复 | C69: 必须先测 | D69: 全过程审计可追溯 | E69: 从接入、启停、调测到维护完成，再按设备和任务查看审计。 | F69: 账号、时间、对象、动作、结果可对应；拒绝与失败留痕，不记录凭据原文。 | G69: 审计ID、设备/任务/命令对应 | H69: 有问题 | I69: 21:24提交/21:25核验/21:26继续处理均有真实审计，数据库含正确object_type/object_id；页面动作统一“未配置名称的操作”，详情不显示设备/任务标识、无对象筛选，无法从页面准确关联。UNKNOWN核验原因本身保留。 | J69: 第五、六轮证据：r6-audit-list.txt；r6-audit-maintenance-detail.txt；r6-audit-verification-detail.txt；r6-audit-maintenance-db.csv | K69: Codex | L69: 46292 | M69: =IF(H69="通过",IF(COUNTBLANK(I69:L69)=0,"记录齐全","待补证据"),H69) -> 有问题

Sheet 本轮执行记录
A1: 累计实际执行与证据 第一至第四轮
A2: 2026-09-27，北京时间。只记录，不修复。以下子检查通过不代表其所属整条用例或业务流程通过。
A4: 记录编号 | B4: 关联范围 | C4: 执行内容 | D4: 实际结果 | E4: 结论 | F4: 证据文件（见下方目录） | G4: 下一步/限制
A5: RUN-01 | B5: 环境 | C5: 打开5173前台、5175后台、8766模拟器 | D5: 三个页面均正常加载；均未登录。 | E5: 通过 | F5: front-help.png；admin-login.png；sim-inbox.txt | G5: 仅证明页面可打开，不代表后端全流程可用。
A6: RUN-02 | B6: AUTH-02空字段 | C6: 清空前台字段后，用键盘提交；填写虚构账号后保持密码为空再提交 | D6: 分别提示“请输入登录账号。”与“请输入密码。”。 | E6: 通过 | F6: front-empty-account.txt；front-empty-password.txt | G6: 未覆盖停用账号、有效账号恢复。
A7: RUN-03 | B7: AUTH-02无效账号 | C7: 输入QA-NONEXIST-20260927及非凭据测试字符串，提交 | D7: 显示“账号或密码错误”，仍停留登录页。 | E7: 通过 | F7: front-invalid-account.txt；front-invalid-account.png | G7: 未使用或猜测任何真实账号密码。
A8: RUN-04 | B8: 前台忘记密码 | C8: 聚焦忘记密码后按Enter | D8: 弹出联系系统管理员说明及只记账号不存密码提示。 | E8: 通过 | F8: front-help.txt；front-help.png | G8: 早先鼠标操作无响应尚未稳定复现，未列为产品缺陷。
A9: RUN-05 | B9: 后台登录 | C9: 账号和密码清空后提交 | D9: 出现“请输入账号”“请输入密码”，未进入管理页面。 | E9: 通过 | F9: admin-empty-fields.txt；admin-empty-fields.png | G9: 不同角色的成功登录尚未验证。
A10: RUN-06 | B10: AUTH/OPS访问保护 | C10: 未登录访问前台合法性页及后台设备管理、实时监测、接入调测 | D10: 全部回登录页；后台redirect分别保留对应运维地址。 | E10: 通过 | F10: route-guards.json；admin-monitor-guard.txt；admin-commission-guard.txt | G10: 仅未登录变体，不代表已登录角色/范围隔离通过。
A11: RUN-07 | B11: OPS接口访问保护 | C11: 无Authorization读取9个已核对路由的只读接口 | D11: 9个接口全部401：身份、设备、监测概览/树、维护待办/消息、调测、连接配置、感知目标。 | E11: 通过 | F11: unauth-api.json | G11: 未检查登录后对象级越权；无写操作。
A12: RUN-08 | B12: 模拟器收件箱 | C12: 未登录打开收件箱并切换飞手短信 | D12: 显示“请先登录本机测试系统，读取通知与业务资料。”；没有冒充收信成功。 | E12: 通过 | F12: sim-inbox.txt；sim-inbox.png | G12: 未核对实际通知送达、播放和回执。
A13: RUN-09 | B13: 后台页面标题 | C13: 初次打开、刷新及三种运维深链回登录 | D13: 标题“登录 - undefined”重复出现。 | E13: 有问题 | F13: admin-title.txt；admin-login.png | G13: BUG-001；尚未修改。
A14: RUN-10 | B14: 模拟器地图 | C14: 打开地图并读取控制台 | D14: 3个theme-tex纹理缺失告警；地图最终加载，视觉影响待核实。 | E14: 待核实 | F14: sim-console.json | G14: OBS-001；不计为已证实业务故障。
A15: RUN-11 | B15: 后台现有自动化 | C15: 运行10个指定Vitest测试文件 | D15: 共51项通过、0失败、0跳过。涵盖设备权限/删除/资料、维护调测/消息/工作流、监测、自动规则、认证路由。 | E15: 通过 | F15: admin-unit-results.json | G15: 本地组件/模型检查，不能代替真实后端、设备或完整业务流程。
A16: RUN-12 | B16: 第一轮流程准备 | C16: 第一轮尝试F01规则准备和F31设备准备 | D16: 当时缺有效账号。第二轮用户已提供且前后台登录成功，BLOCK-001解除。 | E16: 通过 | F16: BLOCK-001；第一轮admin-login.png | G16: 此行为账号准备复核通过，不表示F01/F31通过；当前阻塞见BLOCK-002。
A18: 证据目录：C:/Users/Admin（无密码）/.codex/visualizations/2026/09/27/01a0e0b7-3c23-7c00-aeba-e67e75596ac8/qa-20260927
A19: 未改代码、配置、权限或业务记录；未启动模拟、未发通知、未操作设备。第二轮只登录与读取，认证会话/访问审计属于正常副作用。
A21: 第二轮：账号已验证，数据库服务中断
A23: 记录编号 | B23: 关联范围 | C23: 执行内容 | D23: 实际结果 | E23: 结论 | F23: 证据文件（见下方目录） | G23: 下一步/限制
A24: RUN-13 | B24: AUTH-01登录部分 | C24: 使用用户提供的账号登录前台 | D24: 进入#/legality，显示超级管理员及8个业务导航，合法性列表0条。 | E24: 通过 | F24: login-observation.json | G24: 只验证成功登录；刷新受环境中断影响，AUTH-01整项仍暂时测不了。
A25: RUN-14 | B25: 后台登录和运维入口 | C25: 同账号登录后台，进入设备接入调测 | D25: 显示超级管理员、17台设备及真实接入诊断，后台会话可读。标题仍带undefined。 | E25: 通过 | F25: login-observation.json；admin-service-error.txt | G25: 无权/只读/跨范围账号尚未准备，不能认定权限全覆盖。
A26: RUN-15 | B26: 主动上报协议诊断 | C26: 查看已存在的模拟5G-A设备sim-0926151251-e9c9-1 | D26: 显示模拟数据、MQTT主动上报、不支持创建TCP式调测任务。尚未收到有效工参，必填项0/9，连接与设备状态分开展示。 | E26: 通过 | F26: login-observation.json | G26: 只读检查单台历史设备；未创建新调测，未验证实时恢复。
A27: RUN-16 | B27: NET异常提示 | C27: 数据库不可用时刷新前台并读取后台、登录模拟器 | D27: 前台提示响应超时并保留会话；后台提示后端无法连接；模拟器明确连接失败。 | E27: 通过 | F27: front-backend-timeout.png；admin-service-error.png；sim-login-error.png | G27: 通过仅指没有伪报正常；服务中断本身为BLOCK-002。
A28: RUN-17 | B28: 环境故障定位 | C28: 限时接口探测、检查进程/端口及数据库异常日志 | D28: 8081与8766仍监听，25432无监听。后台日志为数据库Connection refused与Hikari连接池约30秒超时。独立登录请求6秒、7秒限时均超时。 | E28: 暂时测不了 | F28: database-connection-errors.txt；service-status.json；login-probe.json | G28: 未重启。需要恢复现有数据库运行后才能继续业务流程；不清库、不重建。
A30: 第二轮证据目录：C:/Users/Admin（无密码）/.codex/visualizations/2026/09/27/01a0e0b7-3c23-7c00-aeba-e67e75596ac8/qa-20260927-round2
A32: 第三轮：环境恢复与设备离线恢复接口测试
A34: 记录编号 | B34: 关联范围 | C34: 执行内容 | D34: 实际结果 | E34: 结论 | F34: 证据文件（第三轮） | G34: 下一步/限制
A35: RUN-18 | B35: BLOCK-002 | C35: 恢复原数据库和MQTT容器 | D35: Docker29.6.2；数据库ready；后端UP；认证及设备接口200。 | E35: 通过 | F35: environment-recovered.json | G35: Docker设置EnableDockerAI改为false，运行时目录已备份。未清库。
A36: RUN-19 | B36: BUG-001 | C36: 修复后台页签默认平台名称 | D36: 添加默认值，管理端lint、25个测试文件107项测试、build通过。 | E36: 待页面复测 | F36: admin-verification.json | G36: 浏览器权限阻止实际页面复测。
A37: RUN-20 | B37: BLOCK-003 | C37: 重试前后台页面访问 | D37: 前台保存的禁止设置仍生效，后台也拒绝访问。 | E37: 暂时测不了 | F37: 问题记录BLOCK-003 | G37: 需实际更改Codex站点权限。
A38: RUN-21 | B38: 自动/手动流程准备 | C38: 读取三组自动规则执行状态 | D38: verify/counter/dispose均DISABLED，配置不会触发自动动作。 | E38: 未完成 | F38: baseline.json | G38: 须在隔离测试配置中启用对应引擎并完成场景前置，不能只测试保存。
A39: RUN-22 | B39: F32首报 | C39: 新增一个replay雷达并发送有效工参 | D39: 设备ONLINE，健康UNKNOWN，未声称整体健康。 | E39: 通过 | F39: device-lifecycle.json | G39: 本批次不含目标和计划，不计完整F32通过。
A40: RUN-23 | B40: F32停报及去重 | C40: 第35秒停止上报，跨多个周期读取 | D40: 30秒无工参后OFFLINE；第69秒及101秒只有同一条离线事件。 | E40: 通过 | F40: device-lifecycle.json | G40: 前台告警显示仍未验收。
A41: RUN-24 | B41: F32异常保护 | C41: 离线核验恢复并验证不支持的重启 | D41: 恢复核验FAIL；重启409 REBOOT_NOT_SUPPORTED，未伪造指令成功。 | E41: 通过 | F41: device-actions.json | G41: 仅测试LINGYUN MQTT离线事件。
A42: RUN-25 | B42: F32恢复及幂等 | C42: 恢复有效心跳，再核验，同键重复 | D42: ONLINE后核验PASS，事件RECOVERED，重复结果一致。健康仍UNKNOWN。 | E42: 通过 | F42: device-actions.json、incident-recovered.json | G42: 离线恢复不等于维护待办完成。
A43: RUN-26 | B43: OPS-57部分 | C43: 重复读取运维消息 | D43: 连续读取内容及未读数相同，未自动标已读。 | E43: 部分验证 | F43: read-only-checks.json | G43: 当前账号未读数为0，未覆盖有未读及不同账号。
A44: RUN-27 | B44: 测试收尾 | C44: 停止模拟发送，保留本批次事实 | D44: 本批次停止后不自动续发，设备随后再次离线属于预期；历史不删除。 | E44: 已停止 | F44: simulator-stop.json、device-lifecycle.json | G44: 设备529a027a-41bd-48bd-b13b-e5b3562d6e9a，批次sim-0927184141-d977。
A46: 第三轮证据目录：C:/Users/Admin（无密码）/.codex/visualizations/2026/09/27/01a0e0b7-3c23-7c00-aeba-e67e75596ac8/qa-20260927-round3
A48: 第四轮：设备接入与维护流程接口边界
A50: 记录编号 | B50: 关联范围 | C50: 执行内容 | D50: 实际结果 | E50: 结论 | F50: 证据文件（第四轮） | G50: 下一步/限制
A51: RUN-28 | B51: OPS-32 | C51: MQTT设备尝试创建调测 | D51: 409 PROTOCOL_UNSUPPORTED；调测任务前后均为0。 | E51: 通过 | F51: api-checks.json | G51: 仅LINGYUN接口边界，未覆盖光电和界面。
A52: RUN-29 | B52: OPS-10 | C52: 重复接入及同键修改内容 | D52: 相同请求提示已提交；不同内容拒绝；回读单台设备，名称未变。 | E52: 通过 | F52: api-checks.json | G52: 不将409提示当成新建成功。
A53: RUN-30 | B53: OPS-16 | C53: 停用、旧版本启用、刷新版本启用 | D53: 旧版本409；正常请求成功，测试设备已恢复原启用状态。 | E53: 通过 | F53: api-checks.json | G53: 设备版本现为2，配置未改为其他来源。
A54: RUN-31 | B54: F33报修子链 | C54: 为本轮异常设备报修并重复提交 | D54: 创建唯一任务，同键复用。接收单位未配置，通知NOT_SENT。 | E54: 部分验证 | F54: new-maintenance-task.json | G54: 使用既有历史replay计划，不能替代今日实时完整流程。
A55: RUN-32 | B55: OPS-42 / F35部分 | C55: 同账号两个并发START | D55: 一次200一次409，仅一个START事件，状态PROCESSING。 | E55: 通过 | F55: maintenance-concurrency.json | G55: 第二人员权限隔离未测。
A56: RUN-33 | B56: OPS-43 | C56: 说明长度与保存不办结 | D56: 空白、1字、1001字拒绝；有效说明追加，状态仍处理中。 | E56: 通过 | F56: api-checks.json、invalid-input-unchanged.json | G56: 页面输入行为未测。
A57: RUN-34 | B57: OPS-55 | C57: 旧请求重放及旧入口防绕过 | D57: 同键重放返回最新版本，不增事件；同键不同内容和旧handling拒绝。 | E57: 通过 | F57: api-checks.json | G57: 当前账号权限下的接口用例。
A58: RUN-35 | B58: F34异常分支 | C58: 提交核验、UNKNOWN、拒绝完成、恢复处理 | D58: 缺报修后新鲜事实为UNKNOWN；完成409；RESUME保留旧历史并清摘要。 | E58: 通过 | F58: maintenance-final.json | G58: 任务未完成；缺取得PASS的真实模拟协议事实。
A59: RUN-36 | B59: OPS-57/58 | C59: 读取消息及重复标已读 | D59: GET保持消息不变；重复标记保留首次时间，任务状态未因此推进。 | E59: 部分验证 | F59: api-checks.json | G59: 第二账号、页面未读数及分页待测。
A60: RUN-37 | B60: 收尾与原数据保护 | C60: 核对原任务与本轮任务 | D60: 原任务PENDING版本1、0事件；补测健康未知后，本轮PROCESSING版本9、8事件。 | E60: 通过 | F60: round-summary.json、assertions.json | G60: 本轮待办保留用于后续界面复测，不伪造恢复或删除历史。
A61: RUN-38 | B61: OPS-48 | C61: 新鲜在线但健康未知 | D61: 给同一replay设备发有效工参，ONLINE但health=UNKNOWN。核验UNKNOWN、完成409、恢复处理保留历史。 | E61: 通过 | F61: fresh-unknown-health.json、api-checks.json | G61: 只发一条协议报文，无持续发送任务；随后再次超时离线属于预期。
A62: 第四轮证据目录：C:/Users/Admin（无密码）/.codex/visualizations/2026/09/27/01a0e0b7-3c23-7c00-aeba-e67e75596ac8/qa-20260927-round4
A64: 第五轮：2026-09-27，北京时间。环境恢复、真实页面与隔离自动测试；以下通过均注明范围。
A65: RUN-39 | B65: 环境恢复 | C65: 恢复原Docker、PostgreSQL、MQTT、后台、模拟器及Java服务 | D65: 原2用户18设备仍在；启动后四入口200。原业务库未重建；Java使用ASCII临时目录。 | E65: 通过 | F65: 第五、六轮证据：reachability.json | G65: 只证明环境可达；Docker日志有reset记录但用户否认操作，未归因。
A66: RUN-40 | B66: 页面登录 | C66: 恢复前后台原会话，用户重新登录模拟器 | D66: 超级管理员身份正确，刷新及页面跳转可用；站点访问限制解除。 | E66: 通过 | F66: 第五、六轮证据：front-session-recovered.txt；inbox-checks.json | G66: 其他权限身份仍待准备。
A67: RUN-41 | B67: BUG-001复测 | C67: 查看后台登录与运维页标题 | D67: 标题不再出现undefined。 | E67: 通过 | F67: 第五、六轮证据：admin-login-title.png；commission-eo.png | G67: 仅关闭此标题问题。
A68: RUN-42 | B68: 管理端自动测试 | C68: 运行既有npm测试 | D68: 107项通过，0失败0跳过。 | E68: 通过 | F68: 第五、六轮证据：admin-unit-results.json | G68: 不替代真实页面业务闭环。
A69: RUN-43 | B69: 后端定向测试 | C69: 运行认证、设备、维护、通知流相关6类测试 | D69: 52项通过，0失败0错误0跳过。 | E69: 通过 | F69: 第五、六轮证据：server-tests.log | G69: 包含测试夹具，不代表真实设备结果。
A70: RUN-44 | B70: 模拟器单元测试 | C70: 运行unittest discover | D70: 20项通过。 | E70: 通过 | F70: 第五、六轮证据：simulator-tests.log | G70: 无真实设备动作。
A71: RUN-45 | B71: PostgreSQL运维测试 | C71: 独立maintenance_flow_verify_qa0927r5库运行既有测试 | D71: 补齐该隔离库PostGIS后23项通过；原业务库不作为测试夹具写入目标。 | E71: 通过 | F71: 第五、六轮证据：postgres-tests-retry.log | G71: 首次缺PostGIS失败保留，不掩盖环境准备过程。
A72: RUN-46 | B72: 前台契约测试 | C72: 运行6个既有契约文件 | D72: 8项中5通过3失败，旧断言及CRLF导入剥离问题。 | E72: 有问题 | F72: 第五、六轮证据：front-contract-tests.log | G72: TEST-001；不改产品代码或将失败忽略。
A73: RUN-47 | B73: OPS-07/15 | C73: 切换4种接入类型，创建独立天气档案 | D73: QA0927-R5-WEATHER-01保存后停用、待接入，无假天气数据。 | E73: 通过 | F73: 第五、六轮证据：device-type-forms.json；weather-onboard.png | G73: 保留测试档案，无真实设备指令。
A74: RUN-48 | B74: OPS-32 | C74: 查看MQTT及光电接入诊断 | D74: 主动上报协议显示不支持TCP式调测，未创建任务，工参缺失及过期可见。 | E74: 通过 | F74: 第五、六轮证据：commission-qa-radar.txt；commission-eo.txt | G74: 不代表支持TCP设备的完整调测已完成。
A75: RUN-49 | B75: MQTT时间线 | C75: 新独立批次定时掉线及恢复 | D75: 19:54:42 OFFLINE；19:54:50 ONLINE；健康始终UNKNOWN。第二批64条确认，180秒完成。 | E75: 部分通过 | F75: 第五、六轮证据：device-lifecycle-r5.jsonl；simulator-final.json | G75: F32仍缺目标首报、GOOD样本及同批事件核验。
A76: RUN-50 | B76: 前后台同设备 | C76: 定位sim-0927195329-a584-1 | D76: 后台及前台同编号在线可见，未知覆盖参数不绘制假范围。前台设备资料约60秒刷新。 | E76: 通过 | F76: 第五、六轮证据：monitor-online.txt；front-reloaded-devices.txt | G76: 不能用该采样证明所有状态瞬时同步。
... A85: RUN-59 | B85: 大屏 | C85: 管理员打开并读取关键指标 | D85: 今日目标4、今日计划3、离线11，证据台账—。 | E85: 部分通过 | F85: 第五、六轮证据：bigscreen.txt；bigscreen.png | G85: 无权账号、2小时持续运行、Chrome未测。
A87: 第五轮证据目录（所有“第五轮证据”文件名均相对本目录）：C:/Users/Admin（无密码）/.codex/visualizations/2026/09/27/01a0e2a5-9f8d-7261-b23f-0e2b7ef4319e/qa-plan
A89: RUN-60 | B89: 扩展后端契约 | C89: 飞行/空域/研判/证据/权限/反制等34类 | D89: 310项：308通过，2失败；独立H2测试夹具。 | E89: 有问题 | F89: 第五、六轮证据：server-expanded-tests.log | G89: TEST-002与TEST-003，不能替代真实页面闭环。
A90: RUN-61 | B90: 失败复跑 | C90: 只运行两个失败方法 | D90: 3个实例：2通过1失败。急停稳定409，续链单独通过。 | E90: 有问题 | F90: 第五、六轮证据：server-two-failures-recheck.log | G90: 没有修改代码或吞掉首轮失败。
A91: RUN-62 | B91: 风险通知移送契约 | C91: 既有22类隔离测试 | D91: 222项全部通过；包括模拟接口、通知回执、材料及自动规则。 | E91: 通过 | F91: 第五、六轮证据：server-risk-handoff-tests.log | G91: 未开启真实自动引擎或外部通知。
A92: RUN-63 | B92: 计划及天气幂等 | C92: 真实表单提交后重复同消息 | D92: 各1份接收事实；前台对应同一计划和天气。 | E92: 通过 | F92: 第五、六轮证据：input-repeat-context-r5.json；weather-repeat-context-r5.json；weather-full.txt | G92: 主清单23/27/136补齐。
A93: RUN-64 | B93: 天气边界 | C93: 全覆盖/部分/无覆盖及历史预报 | D93: 部分裁剪正确，无覆盖说明明确，历史切页仍保留。 | E93: 部分通过 | F93: 第五、六轮证据：weather-full.txt；weather-partial.txt；weather-none.txt；weather-past-return.txt | G93: 30通过；29仍缺残缺时间样本。
A94: RUN-65 | B94: 空域选择和特殊文字 | C94: 独立允许区与既有禁飞区切换筛选 | D94: ID、范围与详情对应，关闭/筛选清空正常，HTML样文字不解析。 | E94: 通过 | F94: 第五、六轮证据：airspace-new-detail.txt；airspace-switch-detail.txt；airspace-filter-selected.txt；airspace-cleared.txt | G94: 45/144通过，新增测试空域保留。
A95: RUN-66 | B95: 统计故障恢复 | C95: 阻断统计请求后重试 | D95: 失败不显示假零值，恢复后真实数据可读。 | E95: 通过 | F95: 第五、六轮证据：stats-failure.txt；stats-recovered.txt | G95: 117补齐，注入已解除。
A96: RUN-67 | B96: 目标故障恢复 | C96: 两次阻断目标请求后恢复 | D96: 故障显示0目标和数据已更新；恢复后4目标。 | E96: 有问题 | F96: 第五、六轮证据：targets-failure-recheck.txt；targets-network-failures.json；targets-recovered.txt | G96: BUG-003，注入已解除。
A97: RUN-68 | B97: 不存在计划/刷新 | C97: 真实详情刷新、历史返回、无效UUID | D97: 正常上下文保留，非法UUID明确不存在，不串其他计划。 | E97: 通过 | F97: 第五、六轮证据：plan-detail-refreshed.txt；plan-not-found.txt；weather-past-return.txt | G97: 12通过。
A98: RUN-69 | B98: 模拟器控制 | C98: 新批次暂停、恢复、停止 | D98: 12.8秒/6条暂停不再增长；恢复到12条，24.9秒停止。 | E98: 部分通过 | F98: 第五、六轮证据：sim-control-start.json；sim-control-pause.json；sim-control-pause-later.json；sim-control-stopped.json | G98: 137尚缺登录失效分支；当前批次已停止。
A99: RUN-70 | B99: OPS-08/10 | C99: 协议切换及重复编号提交 | D99: 草稿字段清理正确；重复编号409，原档案未覆盖。 | E99: 通过 | F99: 第五、六轮证据：onboard-switch-values.json；onboard-duplicate-response.json；onboard-duplicate-readback.txt | G99: 仅独立QA数据，未保存切换草稿。
A100: RUN-71 | B100: OPS-14 / BUG-004 | C100: 编辑模拟雷达厂家 | D100: 身份字段锁定正确；保存500，PG参数$6类型无法确定。 | E100: 有问题 | F100: 第五、六轮证据：device-edit-identity-locked.txt；device-edit-500.json；device-edit-postgres-error.txt；device-edit-failure-readback.txt | G100: 已取消编辑，原数据保留。
... A151: R8-08 | B151: 交付范围 | C151: 主/补充/运维/全流程共300项状态重新核对 | D151: 保留既往通过；部分执行和整项完成分开 | E151: 未完成 | F151: 第八轮测试报告 | G151: 36个全流程未取得全部步骤通过证明
